source_phone_id,target_phone_id,label,neg_type
PH03709,PH03191,0,hard
PH00585,PH02697,0,random
PH03623,PH02919,0,random
PH02745,PH04042,0,random
PH04108,PH00524,0,random
PH02039,PH01876,0,hard
PH02692,PH03931,0,random
PH02743,PH00710,0,random
PH00081,PH03971,0,random
PH00601,PH01809,0,random
PH02019,PH00566,0,hard
PH01239,PH02843,0,random
PH00256,PH00069,0,random
PH00230,PH03235,0,random
PH02311,PH00181,0,random
PH01564,PH02021,0,hard
PH04072,PH04014,0,random
PH00673,PH00472,0,random
PH02258,PH04203,0,random
PH03184,PH03990,0,random
PH02794,PH04437,0,hard
PH02814,PH02547,0,random
PH04182,PH02540,0,random
PH00051,PH03587,0,random
PH00502,PH01331,0,random
PH01415,PH02690,0,hard
PH02496,PH00660,0,random
PH02149,PH02684,0,random
PH03786,PH00563,0,random
PH00518,PH00430,0,random
PH03326,PH03367,0,hard
PH00458,PH02460,0,random
PH00434,PH01604,0,random
PH01898,PH02701,0,random
PH00473,PH02849,0,random
PH01375,PH03220,0,hard
PH03764,PH01983,0,random
PH03196,PH01713,0,random
PH03364,PH03097,0,random
PH01229,PH03032,0,random
PH03766,PH00521,0,hard
PH01706,PH04351,0,random
PH02655,PH00223,0,random
PH01081,PH03126,0,random
PH03597,PH01773,0,random
PH04201,PH01037,0,hard
PH02041,PH03605,0,random
PH01929,PH01890,0,random
PH00516,PH02033,0,random
PH01054,PH01581,0,random
PH01202,PH02756,0,hard
PH02821,PH03271,0,random
PH01809,PH00716,0,random
PH03133,PH03935,0,random
PH03021,PH00833,0,random
PH03172,PH01870,0,hard
PH01386,PH01586,0,random
PH00818,PH03951,0,random
PH03586,PH02097,0,random
PH00859,PH00120,0,random
PH03126,PH00311,0,hard
PH02166,PH02232,0,random
PH03620,PH01682,0,random
PH00353,PH03575,0,random
PH04205,PH03142,0,random
PH04213,PH00996,0,hard
PH00245,PH00319,0,random
PH01955,PH01107,0,random
PH03842,PH03527,0,random
PH02025,PH00503,0,random
PH00049,PH03466,0,hard
PH01341,PH01320,0,random
PH02935,PH01293,0,random
PH01518,PH04069,0,random
PH02300,PH03751,0,random
PH00786,PH03003,0,hard
PH03606,PH04433,0,random
PH03440,PH00799,0,random
PH04270,PH02963,0,random
PH01262,PH03160,0,random
PH04403,PH03132,0,hard
PH00748,PH03226,0,random
PH02945,PH00578,0,random
PH02930,PH01556,0,random
PH04151,PH02553,0,random
PH00473,PH04202,0,hard
PH01239,PH02871,0,random
PH03766,PH02470,0,random
PH02721,PH01394,0,random
PH01371,PH01456,0,random
PH01707,PH03134,0,hard
PH00778,PH01355,0,random
PH01047,PH04237,0,random
PH00409,PH03395,0,random
PH02546,PH03140,0,random
PH02402,PH00042,0,hard
PH02017,PH02014,0,random
PH02223,PH04242,0,random
PH02520,PH00641,0,random
PH01527,PH01160,0,random
PH00372,PH01240,0,hard
PH00410,PH01431,0,random
PH04341,PH03787,0,random
PH04208,PH01071,0,random
PH02591,PH02846,0,random
PH01515,PH02170,0,hard
PH02598,PH04133,0,random
PH02527,PH03120,0,random
PH03125,PH03141,0,random
PH00031,PH01754,0,random
PH02282,PH02947,0,hard
PH01940,PH01167,0,random
PH01204,PH00973,0,random
PH00971,PH01460,0,random
PH02635,PH02558,0,random
PH04247,PH00381,0,hard
PH02807,PH00026,0,random
PH00638,PH02617,0,random
PH00413,PH03564,0,random
PH01964,PH00379,0,random
PH00907,PH00528,0,hard
PH02599,PH01797,0,random
PH03538,PH04239,0,random
PH01275,PH01821,0,random
PH04077,PH02343,0,random
PH01805,PH01387,0,hard
PH02527,PH00601,0,random
PH02062,PH00981,0,random
PH01378,PH00808,0,random
PH01750,PH01976,0,random
PH00204,PH01016,0,hard
PH01241,PH01510,0,random
PH01633,PH01731,0,random
PH00056,PH03445,0,random
PH00339,PH00367,0,random
PH02749,PH02939,0,hard
PH01160,PH02491,0,random
PH01757,PH04146,0,random
PH02636,PH04205,0,random
PH02576,PH00104,0,random
PH00101,PH03831,0,hard
PH03357,PH02029,0,random
PH03096,PH03491,0,random
PH03672,PH02300,0,random
PH03480,PH03020,0,random
PH03702,PH02074,0,hard
PH02247,PH02032,0,random
PH02644,PH01559,0,random
PH02782,PH03502,0,random
PH02042,PH01987,0,random
PH02318,PH00946,0,hard
PH04111,PH02329,0,random
PH02105,PH04091,0,random
PH03422,PH02846,0,random
PH03705,PH00910,0,random
PH02818,PH00519,0,hard
PH02772,PH04307,0,random
PH02162,PH03865,0,random
PH01953,PH01225,0,random
PH02332,PH03839,0,random
PH01838,PH03543,0,hard
PH03285,PH04045,0,random
PH01820,PH00164,0,random
PH04171,PH04338,0,random
PH00763,PH02633,0,random
PH01320,PH03871,0,hard
PH02906,PH01250,0,random
PH04185,PH01423,0,random
PH04109,PH01866,0,random
PH04066,PH00218,0,random
PH04112,PH02561,0,hard
PH01579,PH02265,0,random
PH01272,PH03061,0,random
PH04195,PH04151,0,random
PH04393,PH02618,0,random
PH01913,PH01221,0,hard
PH00577,PH02314,0,random
PH02398,PH02397,0,random
PH00984,PH00113,0,random
PH04378,PH03874,0,random
PH03645,PH00929,0,hard
PH00855,PH04255,0,random
PH03473,PH03196,0,random
PH03252,PH02325,0,random
PH00221,PH00779,0,random
PH01528,PH03280,0,hard
PH02171,PH04388,0,random
PH03316,PH00210,0,random
PH03565,PH02241,0,random
PH04054,PH04063,0,random
PH02043,PH00033,0,hard
PH00274,PH02489,0,random
PH00725,PH01624,0,random
PH01319,PH00262,0,random
PH01792,PH02546,0,random
PH01917,PH04366,0,hard
PH04048,PH01324,0,random
PH02476,PH00619,0,random
PH03028,PH00681,0,random
PH04266,PH01637,0,random
PH04329,PH03546,0,hard
PH01418,PH01220,0,random
PH03996,PH01239,0,random
PH02948,PH03173,0,random
PH00133,PH04432,0,random
PH02500,PH00048,0,hard
PH00033,PH02425,0,random
PH00213,PH03507,0,random
PH02833,PH01603,0,random
PH00524,PH01940,0,random
PH00799,PH02569,0,hard
PH00105,PH01315,0,random
PH01062,PH01809,0,random
PH02745,PH01571,0,random
PH00197,PH03803,0,random
PH04216,PH00359,0,hard
PH02407,PH03863,0,random
PH04129,PH03185,0,random
PH01685,PH00969,0,random
PH03058,PH03443,0,random
PH03162,PH02364,0,hard
PH03742,PH02947,0,random
PH03255,PH04282,0,random
PH02792,PH02265,0,random
PH03868,PH00910,0,random
PH03423,PH00552,0,hard
PH02391,PH00736,0,random
PH00491,PH00265,0,random
PH02645,PH02460,0,random
PH01086,PH03544,0,random
PH01006,PH03525,0,hard
PH01087,PH01857,0,random
PH02263,PH01936,0,random
PH01850,PH02660,0,random
PH03450,PH01498,0,random
PH02679,PH04252,0,hard
PH02424,PH04228,0,random
PH03686,PH02604,0,random
PH00650,PH00137,0,random
PH00685,PH04386,0,random
PH01484,PH04374,0,hard
PH01238,PH02942,0,random
PH04438,PH02234,0,random
PH03124,PH03074,0,random
PH02121,PH03416,0,random
PH01695,PH01595,0,hard
PH01897,PH01670,0,random
PH03621,PH02833,0,random
PH03849,PH03748,0,random
PH04064,PH02185,0,random
PH04212,PH00672,0,hard
PH01946,PH01288,0,random
PH03278,PH02933,0,random
PH00864,PH00828,0,random
PH01954,PH03667,0,random
PH01318,PH03349,0,hard
PH03479,PH01995,0,random
PH03011,PH03356,0,random
PH00042,PH01703,0,random
PH04204,PH02264,0,random
PH03565,PH03847,0,hard
PH03881,PH00760,0,random
PH01045,PH01809,0,random
PH01657,PH03151,0,random
PH00726,PH00033,0,random
PH02155,PH03933,0,hard
PH03773,PH02659,0,random
PH00058,PH02989,0,random
PH01973,PH04040,0,random
PH04167,PH00522,0,random
PH01634,PH03513,0,hard
PH03008,PH00006,0,random
PH00581,PH03940,0,random
PH00050,PH03229,0,random
PH03173,PH01470,0,random
PH02153,PH00292,0,hard
PH02507,PH02619,0,random
PH00494,PH01878,0,random
PH01479,PH01033,0,random
PH01977,PH03705,0,random
PH01556,PH02779,0,hard
PH03911,PH00278,0,random
PH02229,PH00214,0,random
PH01385,PH04301,0,random
PH01134,PH00700,0,random
PH04109,PH00908,0,hard
PH04024,PH02632,0,random
PH04308,PH03502,0,random
PH00812,PH01063,0,random
PH01065,PH01855,0,random
PH03722,PH04115,0,hard
PH03358,PH04359,0,random
PH04427,PH02813,0,random
PH02555,PH03693,0,random
PH01856,PH01940,0,random
PH02789,PH03677,0,hard
PH00432,PH02048,0,random
PH02974,PH01838,0,random
PH00466,PH00040,0,random
PH01074,PH01865,0,random
PH02195,PH04202,0,hard
PH02772,PH01704,0,random
PH00038,PH00532,0,random
PH04498,PH01318,0,random
PH00877,PH01114,0,random
PH04183,PH01608,0,hard
PH04078,PH01339,0,random
PH00824,PH03586,0,random
PH03362,PH03701,0,random
PH03671,PH03606,0,random
PH01599,PH03955,0,hard
PH03573,PH01575,0,random
PH02250,PH03269,0,random
PH01828,PH00473,0,random
PH02364,PH02882,0,random
PH04494,PH04223,0,hard
PH02681,PH02633,0,random
PH00017,PH03417,0,random
PH00064,PH01562,0,random
PH04212,PH01195,0,random
PH00671,PH02332,0,hard
PH01416,PH04422,0,random
PH00641,PH02363,0,random
PH03694,PH02812,0,random
PH00157,PH03583,0,random
PH01723,PH04152,0,hard
PH02130,PH03846,0,random
PH01945,PH02832,0,random
PH02801,PH00501,0,random
PH04239,PH01558,0,random
PH03190,PH03540,0,hard
PH00906,PH04352,0,random
PH04094,PH03407,0,random
PH02842,PH00273,0,random
PH03972,PH02986,0,random
PH01130,PH03356,0,hard
PH02702,PH01419,0,random
PH02568,PH03320,0,random
PH00775,PH03750,0,random
PH01668,PH01307,0,random
PH00008,PH01917,0,hard
PH02095,PH02855,0,random
PH02264,PH00223,0,random
PH01627,PH02311,0,random
PH01209,PH01689,0,random
PH02937,PH02557,0,hard
PH01044,PH01028,0,random
PH00547,PH03269,0,random
PH04192,PH00114,0,random
PH00733,PH03716,0,random
PH02546,PH02382,0,hard
PH02826,PH01307,0,random
PH03627,PH02749,0,random
PH01243,PH00569,0,random
PH00318,PH03506,0,random
PH04277,PH00495,0,hard
PH01384,PH02119,0,random
PH01073,PH00349,0,random
PH00208,PH01736,0,random
PH01845,PH01109,0,random
PH02901,PH01364,0,hard
PH03768,PH03302,0,random
PH00923,PH03691,0,random
PH03969,PH03986,0,random
PH03854,PH00573,0,random
PH02665,PH03550,0,hard
PH02848,PH00291,0,random
PH01204,PH01619,0,random
PH02156,PH02367,0,random
PH01131,PH04059,0,random
PH01319,PH02630,0,hard
PH03416,PH01989,0,random
PH02221,PH04470,0,random
PH02674,PH04011,0,random
PH01145,PH03221,0,random
PH02025,PH02676,0,hard
PH01748,PH00551,0,random
PH03669,PH00268,0,random
PH00015,PH02093,0,random
PH01110,PH04173,0,random
PH02275,PH01773,0,hard
PH00613,PH00239,0,random
PH03842,PH02353,0,random
PH02728,PH02039,0,random
PH03886,PH01356,0,random
PH00639,PH04054,0,hard
PH04251,PH01904,0,random
PH01855,PH03124,0,random
PH01358,PH02110,0,random
PH01958,PH02862,0,random
PH04171,PH04085,0,hard
PH02114,PH04219,0,random
PH02780,PH02326,0,random
PH02720,PH03871,0,random
PH04272,PH04460,0,random
PH00389,PH01179,0,hard
PH02493,PH00731,0,random
PH01276,PH00262,0,random
PH01826,PH03944,0,random
PH03417,PH03560,0,random
PH00492,PH03645,0,hard
PH03624,PH02898,0,random
PH00378,PH02407,0,random
PH02328,PH00224,0,random
PH00575,PH00191,0,random
PH02064,PH04021,0,hard
PH01869,PH03235,0,random
PH00568,PH03684,0,random
PH00153,PH04114,0,random
PH01043,PH00085,0,random
PH00698,PH03691,0,hard
PH02945,PH03762,0,random
PH04068,PH01367,0,random
PH03407,PH03520,0,random
PH00560,PH00556,0,random
PH03276,PH00626,0,hard
PH03584,PH01785,0,random
PH03019,PH02192,0,random
PH03062,PH01163,0,random
PH01004,PH02076,0,random
PH00762,PH01255,0,hard
PH00857,PH03250,0,random
PH00964,PH03685,0,random
PH03506,PH02350,0,random
PH01028,PH02361,0,random
PH01165,PH03184,0,hard
PH00040,PH03182,0,random
PH02303,PH04134,0,random
PH02833,PH00146,0,random
PH03746,PH00469,0,random
PH03938,PH03608,0,hard
PH03909,PH04333,0,random
PH03515,PH02931,0,random
PH00304,PH00373,0,random
PH00016,PH04469,0,random
PH04125,PH00213,0,hard
PH00512,PH00873,0,random
PH03869,PH03261,0,random
PH04441,PH02322,0,random
PH03149,PH01031,0,random
PH03623,PH03288,0,hard
PH01709,PH02193,0,random
PH02291,PH02662,0,random
PH03107,PH00553,0,random
PH04311,PH01402,0,random
PH00034,PH02129,0,hard
PH01875,PH02080,0,random
PH01617,PH03295,0,random
PH02072,PH03275,0,random
PH04405,PH04113,0,random
PH00830,PH04165,0,hard
PH04352,PH00587,0,random
PH02465,PH00472,0,random
PH00873,PH02362,0,random
PH04382,PH00607,0,random
PH03799,PH01672,0,hard
PH03768,PH00619,0,random
PH03431,PH01671,0,random
PH02989,PH03203,0,random
PH04182,PH01824,0,random
PH02815,PH01397,0,hard
PH00281,PH01780,0,random
PH02012,PH03263,0,random
PH03973,PH02257,0,random
PH01285,PH03366,0,random
PH00310,PH03158,0,hard
PH02834,PH02722,0,random
PH01097,PH00497,0,random
PH03348,PH03266,0,random
PH00423,PH03996,0,random
PH01247,PH02598,0,hard
PH03289,PH00117,0,random
PH03418,PH01874,0,random
PH04343,PH02837,0,random
PH03347,PH02879,0,random
PH01247,PH02016,0,hard
PH01149,PH03902,0,random
PH02685,PH00529,0,random
PH03437,PH00128,0,random
PH02132,PH00108,0,random
PH03125,PH02916,0,hard
PH01374,PH04255,0,random
PH04291,PH01781,0,random
PH02441,PH01029,0,random
PH03883,PH02665,0,random
PH01404,PH04432,0,hard
PH00186,PH01722,0,random
PH04120,PH00700,0,random
PH00819,PH02892,0,random
PH00068,PH03218,0,random
PH02630,PH02885,0,hard
PH00250,PH01271,0,random
PH01203,PH01266,0,random
PH02992,PH03563,0,random
PH00110,PH01379,0,random
PH00091,PH02952,0,hard
PH00003,PH01514,0,random
PH02486,PH03881,0,random
PH04315,PH03537,0,random
PH01292,PH04307,0,random
PH00015,PH01542,0,hard
PH02390,PH00168,0,random
PH02444,PH00932,0,random
PH00606,PH02848,0,random
PH00944,PH04199,0,random
PH01130,PH03338,0,hard
PH03758,PH03689,0,random
PH02080,PH03026,0,random
PH02573,PH00575,0,random
PH03311,PH00989,0,random
PH04356,PH01073,0,hard
PH04358,PH00513,0,random
PH00584,PH04245,0,random
PH00330,PH03961,0,random
PH01558,PH02662,0,random
PH04423,PH02808,0,hard
PH01182,PH01288,0,random
PH01096,PH01144,0,random
PH02407,PH03764,0,random
PH01066,PH04058,0,random
PH03174,PH02622,0,hard
PH01648,PH02046,0,random
PH00794,PH03329,0,random
PH01022,PH02974,0,random
PH03027,PH04420,0,random
PH02304,PH02569,0,hard
PH02798,PH01629,0,random
PH00788,PH01204,0,random
PH03938,PH00607,0,random
PH00384,PH02797,0,random
PH00354,PH01459,0,hard
PH00305,PH03671,0,random
PH00172,PH02101,0,random
PH01763,PH03328,0,random
PH03212,PH04354,0,random
PH04331,PH03397,0,hard
PH02931,PH01877,0,random
PH03872,PH04016,0,random
PH00214,PH02358,0,random
PH02596,PH00269,0,random
PH01937,PH02737,0,hard
PH03655,PH04103,0,random
PH00415,PH02874,0,random
PH00361,PH00374,0,random
PH03163,PH03689,0,random
PH04045,PH02064,0,hard
PH03467,PH03509,0,random
PH00138,PH03675,0,random
PH00234,PH03517,0,random
PH00842,PH01523,0,random
PH03776,PH03054,0,hard
PH02526,PH03389,0,random
PH02858,PH02660,0,random
PH01034,PH02063,0,random
PH00479,PH02369,0,random
PH04365,PH01690,0,hard
PH01521,PH02160,0,random
PH01289,PH01404,0,random
PH00857,PH04260,0,random
PH00345,PH00151,0,random
PH04439,PH04081,0,hard
PH02169,PH04227,0,random
PH04294,PH04351,0,random
PH02026,PH03164,0,random
PH02801,PH00714,0,random
PH04399,PH02382,0,hard
PH03911,PH01544,0,random
PH04446,PH04193,0,random
PH03084,PH00251,0,random
PH03929,PH04016,0,random
PH01692,PH02946,0,hard
PH03016,PH03853,0,random
PH00796,PH03617,0,random
PH03008,PH02081,0,random
PH01543,PH03686,0,random
PH04198,PH01589,0,hard
PH02994,PH00296,0,random
PH01672,PH01550,0,random
PH04127,PH02771,0,random
PH04391,PH04308,0,random
PH01482,PH00132,0,hard
PH00363,PH01331,0,random
PH03162,PH00342,0,random
PH03904,PH01981,0,random
PH00528,PH00189,0,random
PH04329,PH01914,0,hard
PH01636,PH03718,0,random
PH02598,PH04267,0,random
PH00586,PH01267,0,random
PH01084,PH03776,0,random
PH01938,PH01735,0,hard
PH01807,PH02019,0,random
PH01438,PH03611,0,random
PH04350,PH02254,0,random
PH01168,PH02314,0,random
PH03353,PH03322,0,hard
PH02782,PH03941,0,random
PH03531,PH03070,0,random
PH00220,PH04494,0,random
PH00551,PH01695,0,random
PH00093,PH02389,0,hard
PH01094,PH01144,0,random
PH03977,PH04160,0,random
PH01303,PH00533,0,random
PH02954,PH00246,0,random
PH03886,PH04151,0,hard
PH00302,PH00917,0,random
PH01706,PH01371,0,random
PH04320,PH00002,0,random
PH00595,PH01450,0,random
PH02180,PH00068,0,hard
PH01880,PH03475,0,random
PH02249,PH03839,0,random
PH03204,PH03406,0,random
PH01414,PH02486,0,random
PH02055,PH01960,0,hard
PH03393,PH01264,0,random
PH02091,PH01669,0,random
PH00894,PH01368,0,random
PH02599,PH00920,0,random
PH03180,PH03799,0,hard
PH04407,PH00140,0,random
PH00783,PH03894,0,random
PH03435,PH04173,0,random
PH03320,PH01822,0,random
PH01512,PH03583,0,hard
PH02852,PH01193,0,random
PH02522,PH02282,0,random
PH00212,PH02892,0,random
PH03089,PH03123,0,random
PH00288,PH03480,0,hard
PH00306,PH01067,0,random
PH02096,PH02940,0,random
PH01417,PH03586,0,random
PH03978,PH02244,0,random
PH03748,PH02212,0,hard
PH00272,PH01969,0,random
PH03720,PH00570,0,random
PH02997,PH02641,0,random
PH04033,PH03383,0,random
PH01556,PH02779,0,hard
PH01023,PH04436,0,random
PH01818,PH00472,0,random
PH03101,PH00993,0,random
PH04468,PH02693,0,random
PH01091,PH01015,0,hard
PH00703,PH02022,0,random
PH01814,PH01882,0,random
PH00412,PH00688,0,random
PH01271,PH00870,0,random
PH00573,PH02603,0,hard
PH02034,PH03075,0,random
PH00085,PH00826,0,random
PH00581,PH04462,0,random
PH03421,PH00583,0,random
PH00089,PH02083,0,hard
PH04301,PH00232,0,random
PH01532,PH03766,0,random
PH00358,PH04247,0,random
PH00936,PH01622,0,random
PH00739,PH00181,0,hard
PH02164,PH04156,0,random
PH04205,PH02101,0,random
PH04281,PH04042,0,random
PH00609,PH00980,0,random
PH01482,PH02339,0,hard
PH03269,PH03489,0,random
PH00443,PH00405,0,random
PH03476,PH00394,0,random
PH00945,PH01549,0,random
PH01052,PH03182,0,hard
PH01744,PH02832,0,random
PH02298,PH04006,0,random
PH01839,PH01214,0,random
PH00025,PH04108,0,random
PH03867,PH02150,0,hard
PH02397,PH04165,0,random
PH00894,PH02454,0,random
PH01468,PH01020,0,random
PH01643,PH01692,0,random
PH03200,PH01817,0,hard
PH02615,PH00436,0,random
PH00225,PH03309,0,random
PH03362,PH03856,0,random
PH03678,PH03138,0,random
PH01247,PH00214,0,hard
PH00564,PH00413,0,random
PH03609,PH04080,0,random
PH00717,PH00300,0,random
PH02832,PH03529,0,random
PH03273,PH01958,0,hard
PH01773,PH01752,0,random
PH00083,PH00757,0,random
PH01956,PH03244,0,random
PH01277,PH02832,0,random
PH02362,PH01953,0,hard
PH00464,PH02286,0,random
PH00013,PH01364,0,random
PH02545,PH00725,0,random
PH03490,PH00450,0,random
PH03254,PH01602,0,hard
PH04292,PH04182,0,random
PH03414,PH03737,0,random
PH04036,PH01135,0,random
PH00749,PH03165,0,random
PH02309,PH04027,0,hard
PH02513,PH00723,0,random
PH00566,PH01344,0,random
PH03285,PH00605,0,random
PH03662,PH02953,0,random
PH03642,PH03086,0,hard
PH04247,PH01892,0,random
PH01269,PH03004,0,random
PH04154,PH00830,0,random
PH03295,PH03730,0,random
PH02302,PH03555,0,hard
PH00360,PH02495,0,random
PH01575,PH02909,0,random
PH03292,PH01013,0,random
PH00379,PH03628,0,random
PH04292,PH01855,0,hard
PH02924,PH01200,0,random
PH03919,PH00784,0,random
PH00929,PH02855,0,random
PH02716,PH03044,0,random
PH00728,PH00532,0,hard
PH01433,PH02369,0,random
PH02177,PH02345,0,random
PH03923,PH01616,0,random
PH03893,PH01273,0,random
PH02884,PH01077,0,hard
PH01930,PH03429,0,random
PH00544,PH00765,0,random
PH00104,PH03454,0,random
PH04064,PH00457,0,random
PH01525,PH02422,0,hard
PH03614,PH04479,0,random
PH04005,PH02576,0,random
PH04202,PH01526,0,random
PH02693,PH01059,0,random
PH00805,PH00711,0,hard
PH04202,PH01272,0,random
PH04004,PH00129,0,random
PH00626,PH03240,0,random
PH00082,PH00119,0,random
PH02808,PH03588,0,hard
PH02223,PH00360,0,random
PH02683,PH04469,0,random
PH01176,PH03896,0,random
PH02722,PH01243,0,random
PH03115,PH02529,0,hard
PH01151,PH02680,0,random
PH04492,PH03294,0,random
PH04317,PH01532,0,random
PH01521,PH03854,0,random
PH00400,PH04471,0,hard
PH01818,PH01581,0,random
PH04372,PH03543,0,random
PH00976,PH04140,0,random
PH02253,PH02707,0,random
PH03077,PH03961,0,hard
PH03473,PH01259,0,random
PH00904,PH00989,0,random
PH03884,PH00848,0,random
PH04306,PH00493,0,random
PH00114,PH03655,0,hard
PH02514,PH02738,0,random
PH02781,PH03405,0,random
PH04138,PH01942,0,random
PH00027,PH01996,0,random
PH01953,PH02142,0,hard
PH03388,PH04201,0,random
PH00304,PH00689,0,random
PH03679,PH04130,0,random
PH03117,PH03627,0,random
PH04226,PH04142,0,hard
PH00161,PH03731,0,random
PH02785,PH01062,0,random
PH03110,PH00793,0,random
PH02523,PH01410,0,random
PH00145,PH01075,0,hard
PH01895,PH03357,0,random
PH03645,PH00792,0,random
PH00989,PH04081,0,random
PH01000,PH00101,0,random
PH03220,PH04480,0,hard
PH03684,PH02424,0,random
PH02936,PH04025,0,random
PH00619,PH01169,0,random
PH04237,PH02664,0,random
PH03485,PH03435,0,hard
PH04345,PH01385,0,random
PH03291,PH01754,0,random
PH03265,PH02257,0,random
PH00980,PH03356,0,random
PH04216,PH03397,0,hard
PH01212,PH03056,0,random
PH02922,PH01145,0,random
PH02086,PH02905,0,random
PH00150,PH03348,0,random
PH02837,PH03838,0,hard
PH02835,PH00817,0,random
PH02022,PH03488,0,random
PH00283,PH00108,0,random
PH01793,PH01181,0,random
PH03038,PH02900,0,hard
PH01761,PH00791,0,random
PH00229,PH03466,0,random
PH00987,PH02956,0,random
PH03164,PH03594,0,random
PH00481,PH02706,0,hard
PH02685,PH02194,0,random
PH03898,PH03954,0,random
PH03799,PH03120,0,random
PH04443,PH03680,0,random
PH04023,PH00359,0,hard
PH03446,PH01591,0,random
PH01669,PH03456,0,random
PH03985,PH03268,0,random
PH02232,PH01739,0,random
PH04441,PH02295,0,hard
PH00821,PH03803,0,random
PH02016,PH01246,0,random
PH03199,PH00094,0,random
PH03942,PH03793,0,random
PH04230,PH04258,0,hard
PH03881,PH00678,0,random
PH01603,PH04209,0,random
PH02149,PH04199,0,random
PH00162,PH04214,0,random
PH02142,PH02112,0,hard
PH02195,PH01151,0,random
PH03746,PH02314,0,random
PH03452,PH01998,0,random
PH01815,PH02205,0,random
PH00600,PH01502,0,hard
PH03276,PH00419,0,random
PH02301,PH02201,0,random
PH00282,PH04002,0,random
PH02984,PH00633,0,random
PH03123,PH01099,0,hard
PH00861,PH00926,0,random
PH02585,PH04055,0,random
PH02849,PH04165,0,random
PH03532,PH00308,0,random
PH02244,PH02523,0,hard
PH03033,PH00460,0,random
PH00099,PH03917,0,random
PH03984,PH00004,0,random
PH00504,PH02491,0,random
PH03226,PH02319,0,hard
PH02427,PH04077,0,random
PH02566,PH00551,0,random
PH03999,PH03625,0,random
PH03748,PH04088,0,random
PH00707,PH00413,0,hard
PH02289,PH02605,0,random
PH04075,PH03943,0,random
PH01789,PH01264,0,random
PH01392,PH02312,0,random
PH03173,PH04115,0,hard
PH00495,PH01941,0,random
PH04188,PH00196,0,random
PH00768,PH01496,0,random
PH02546,PH00915,0,random
PH02132,PH00502,0,hard
PH04185,PH01904,0,random
PH02921,PH00903,0,random
PH02083,PH00479,0,random
PH01983,PH03613,0,random
PH04371,PH02730,0,hard
PH02415,PH00271,0,random
PH02469,PH00518,0,random
PH00977,PH02666,0,random
PH03385,PH01077,0,random
PH00770,PH03421,0,hard
PH03869,PH01035,0,random
PH01622,PH00788,0,random
PH00149,PH02426,0,random
PH03633,PH00838,0,random
PH00359,PH01630,0,hard
PH02077,PH02921,0,random
PH00550,PH00517,0,random
PH01355,PH03481,0,random
PH02187,PH01876,0,random
PH00662,PH03016,0,hard
PH00870,PH02694,0,random
PH02524,PH02199,0,random
PH00932,PH00791,0,random
PH02465,PH02143,0,random
PH02812,PH00258,0,hard
PH02421,PH03357,0,random
PH01340,PH00927,0,random
PH04492,PH01146,0,random
PH02156,PH01075,0,random
PH01992,PH04005,0,hard
PH00449,PH03798,0,random
PH01210,PH00943,0,random
PH01068,PH01193,0,random
PH01173,PH02763,0,random
PH00660,PH04390,0,hard
PH01547,PH03117,0,random
PH00667,PH03799,0,random
PH03779,PH03403,0,random
PH03310,PH02527,0,random
PH00764,PH04082,0,hard
PH02583,PH04486,0,random
PH01249,PH00144,0,random
PH04197,PH03097,0,random
PH03135,PH02974,0,random
PH03784,PH04150,0,hard
PH03014,PH00971,0,random
PH03729,PH02447,0,random
PH02364,PH04047,0,random
PH02454,PH00567,0,random
PH02622,PH04494,0,hard
PH02876,PH00729,0,random
PH02500,PH04177,0,random
PH02290,PH02768,0,random
PH00737,PH02758,0,random
PH02895,PH00593,0,hard
PH00976,PH03872,0,random
PH00718,PH00814,0,random
PH00202,PH01140,0,random
PH02327,PH03089,0,random
PH00351,PH04113,0,hard
PH03362,PH02268,0,random
PH04411,PH02392,0,random
PH02486,PH01940,0,random
PH03255,PH01685,0,random
PH04203,PH02937,0,hard
PH03963,PH03385,0,random
PH03794,PH04419,0,random
PH01463,PH02468,0,random
PH03465,PH00820,0,random
PH02621,PH04244,0,hard
PH01073,PH01902,0,random
PH02378,PH01374,0,random
PH04222,PH01722,0,random
PH01879,PH00174,0,random
PH04428,PH00580,0,hard
PH02101,PH04090,0,random
PH04398,PH03279,0,random
PH03188,PH01823,0,random
PH01571,PH03733,0,random
PH01938,PH01735,0,hard
PH03744,PH01449,0,random
PH02489,PH04369,0,random
PH04213,PH01168,0,random
PH04311,PH02345,0,random
PH04452,PH00662,0,hard
PH01262,PH02697,0,random
PH01403,PH00489,0,random
PH02645,PH04412,0,random
PH00564,PH00147,0,random
PH02003,PH00231,0,hard
PH00125,PH02686,0,random
PH03883,PH04384,0,random
PH04477,PH01463,0,random
PH04269,PH02762,0,random
PH00387,PH02787,0,hard
PH00883,PH04287,0,random
PH03066,PH02783,0,random
PH02018,PH02538,0,random
PH03420,PH03415,0,random
PH03077,PH02673,0,hard
PH04153,PH02137,0,random
PH00066,PH01140,0,random
PH02176,PH03250,0,random
PH00231,PH01769,0,random
PH00284,PH04242,0,hard
PH00866,PH02335,0,random
PH00327,PH01814,0,random
PH03969,PH01077,0,random
PH01540,PH03348,0,random
PH03125,PH01009,0,hard
PH03856,PH00800,0,random
PH02878,PH01864,0,random
PH00718,PH02471,0,random
PH00869,PH03508,0,random
PH00782,PH03155,0,hard
PH03166,PH03409,0,random
PH02865,PH03089,0,random
PH02496,PH01215,0,random
PH01634,PH01500,0,random
PH03401,PH02954,0,hard
PH02716,PH03385,0,random
PH01497,PH03869,0,random
PH00669,PH03822,0,random
PH01111,PH01652,0,random
PH00393,PH01949,0,hard
PH00035,PH00024,0,random
PH01167,PH00602,0,random
PH02095,PH02266,0,random
PH02382,PH02607,0,random
PH03126,PH03494,0,hard
PH01427,PH00543,0,random
PH02593,PH02510,0,random
PH02071,PH04013,0,random
PH04190,PH03500,0,random
PH00653,PH01267,0,hard
PH00184,PH01042,0,random
PH00756,PH02664,0,random
PH04036,PH02331,0,random
PH04243,PH03447,0,random
PH01510,PH01589,0,hard
PH00972,PH01966,0,random
PH01316,PH03164,0,random
PH01081,PH04158,0,random
PH01426,PH02168,0,random
PH04439,PH04027,0,hard
PH02008,PH01824,0,random
PH01093,PH04383,0,random
PH01370,PH02531,0,random
PH01899,PH03662,0,random
PH00085,PH03562,0,hard
PH01376,PH02312,0,random
PH01919,PH01299,0,random
PH03758,PH01899,0,random
PH00747,PH03235,0,random
PH03431,PH03011,0,hard
PH00920,PH00294,0,random
PH03828,PH03242,0,random
PH04495,PH01817,0,random
PH03177,PH02283,0,random
PH03404,PH03062,0,hard
PH03087,PH01705,0,random
PH00457,PH01169,0,random
PH01026,PH00022,0,random
PH03471,PH02273,0,random
PH00206,PH02093,0,hard
PH02311,PH01403,0,random
PH01122,PH04234,0,random
PH00448,PH01487,0,random
PH00440,PH00930,0,random
PH02943,PH00259,0,hard
PH02401,PH01780,0,random
PH03134,PH03899,0,random
PH03511,PH03722,0,random
PH04475,PH00187,0,random
PH03350,PH00430,0,hard
PH01906,PH00465,0,random
PH02487,PH01706,0,random
PH03065,PH03203,0,random
PH00951,PH01420,0,random
PH04290,PH02593,0,hard
PH02420,PH01977,0,random
PH03658,PH02978,0,random
PH03510,PH02434,0,random
PH00502,PH02514,0,random
PH00639,PH00810,0,hard
PH02032,PH00549,0,random
PH03832,PH04177,0,random
PH02466,PH02076,0,random
PH03394,PH04394,0,random
PH03553,PH00475,0,hard
PH01349,PH01582,0,random
PH03460,PH01098,0,random
PH03315,PH03546,0,random
PH01139,PH03126,0,random
PH04479,PH01176,0,hard
PH00051,PH02961,0,random
PH01844,PH02178,0,random
PH02749,PH00272,0,random
PH02121,PH03639,0,random
PH04295,PH02344,0,hard
PH01077,PH01197,0,random
PH00108,PH02463,0,random
PH03499,PH03616,0,random
PH04291,PH00789,0,random
PH04311,PH01233,0,hard
PH04018,PH02453,0,random
PH03893,PH01541,0,random
PH02281,PH04403,0,random
PH01670,PH01448,0,random
PH04315,PH03083,0,hard
PH00815,PH04496,0,random
PH00348,PH00603,0,random
PH03146,PH02113,0,random
PH02195,PH03354,0,random
PH02325,PH00099,0,hard
PH02899,PH02657,0,random
PH01189,PH00678,0,random
PH02131,PH01420,0,random
PH03250,PH02533,0,random
PH02378,PH01625,0,hard
PH03922,PH02295,0,random
PH03142,PH04005,0,random
PH03563,PH01297,0,random
PH02073,PH00706,0,random
PH02200,PH00429,0,hard
PH04490,PH03174,0,random
PH00350,PH00274,0,random
PH01197,PH01994,0,random
PH01936,PH03482,0,random
PH01038,PH03665,0,hard
PH03792,PH02090,0,random
PH04364,PH04080,0,random
PH03707,PH03405,0,random
PH00944,PH04055,0,random
PH02830,PH03724,0,hard
PH01501,PH02021,0,random
PH01757,PH03814,0,random
PH03214,PH02099,0,random
PH03521,PH02217,0,random
PH00368,PH00941,0,hard
PH01243,PH01951,0,random
PH01352,PH00215,0,random
PH01548,PH02607,0,random
PH03209,PH00967,0,random
PH02643,PH04151,0,hard
PH03935,PH01133,0,random
PH03854,PH02896,0,random
PH01803,PH02350,0,random
PH01606,PH00242,0,random
PH04472,PH02239,0,hard
PH02861,PH00058,0,random
PH03361,PH01064,0,random
PH01310,PH02909,0,random
PH01636,PH04231,0,random
PH03364,PH01160,0,hard
PH03210,PH03279,0,random
PH00905,PH00471,0,random
PH03397,PH00998,0,random
PH00992,PH04327,0,random
PH00947,PH02575,0,hard
PH02608,PH02472,0,random
PH02902,PH00166,0,random
PH01120,PH03831,0,random
PH03190,PH02676,0,random
PH00685,PH00397,0,hard
PH04412,PH02043,0,random
PH00196,PH00045,0,random
PH03984,PH01339,0,random
PH04397,PH02445,0,random
PH00445,PH01817,0,hard
PH03370,PH02058,0,random
PH00135,PH01433,0,random
PH00061,PH00105,0,random
PH03717,PH01481,0,random
PH01456,PH00587,0,hard
PH00957,PH03241,0,random
PH03099,PH00552,0,random
PH01623,PH04290,0,random
PH02881,PH02779,0,random
PH02301,PH00681,0,hard
PH03241,PH04258,0,random
PH01498,PH01987,0,random
PH00667,PH00585,0,random
PH04082,PH04301,0,random
PH00767,PH03273,0,hard
PH04439,PH02853,0,random
PH03918,PH02267,0,random
PH00087,PH04230,0,random
PH04308,PH01345,0,random
PH00142,PH00513,0,hard
PH02127,PH03029,0,random
PH03972,PH04459,0,random
PH04075,PH00384,0,random
PH01523,PH00691,0,random
PH03805,PH00558,0,hard
PH04422,PH01564,0,random
PH01379,PH03009,0,random
PH02399,PH01007,0,random
PH03000,PH04003,0,random
PH03349,PH03936,0,hard
PH03805,PH00575,0,random
PH01378,PH04261,0,random
PH00106,PH02730,0,random
PH02104,PH03798,0,random
PH00356,PH00192,0,hard
PH00704,PH00178,0,random
PH01670,PH04129,0,random
PH02080,PH00570,0,random
PH02264,PH03509,0,random
PH04209,PH00298,0,hard
PH03107,PH00654,0,random
PH02605,PH00760,0,random
PH03231,PH01376,0,random
PH04313,PH00309,0,random
PH04184,PH02716,0,hard
PH02984,PH03291,0,random
PH00035,PH03308,0,random
PH01834,PH02860,0,random
PH02265,PH03714,0,random
PH04357,PH02398,0,hard
PH04411,PH03186,0,random
PH00434,PH02467,0,random
PH01182,PH00142,0,random
PH03636,PH04493,0,random
PH00284,PH00181,0,hard
PH01290,PH03586,0,random
PH00107,PH03804,0,random
PH01689,PH01114,0,random
PH00909,PH00545,0,random
PH04463,PH00059,0,hard
PH04414,PH03568,0,random
PH04447,PH01623,0,random
PH00369,PH02987,0,random
PH00295,PH00614,0,random
PH04297,PH04044,0,hard
PH00956,PH02917,0,random
PH02685,PH03858,0,random
PH02477,PH00965,0,random
PH01083,PH03745,0,random
PH03922,PH04368,0,hard
PH02232,PH00553,0,random
PH04358,PH02058,0,random
PH02798,PH02242,0,random
PH00081,PH01442,0,random
PH02390,PH00890,0,hard
PH00418,PH03653,0,random
PH02877,PH01266,0,random
PH01804,PH03996,0,random
PH03025,PH01301,0,random
PH01502,PH03330,0,hard
PH01836,PH03372,0,random
PH03941,PH03756,0,random
PH04066,PH00005,0,random
PH02856,PH03231,0,random
PH01069,PH01744,0,hard
PH03254,PH02690,0,random
PH01381,PH01664,0,random
PH02953,PH03061,0,random
PH00098,PH00630,0,random
PH03185,PH01879,0,hard
PH01544,PH02934,0,random
PH03034,PH00429,0,random
PH00505,PH03141,0,random
PH00816,PH01250,0,random
PH01303,PH02093,0,hard
PH04390,PH00742,0,random
PH01237,PH01086,0,random
PH00945,PH00899,0,random
PH00654,PH03779,0,random
PH00739,PH00934,0,hard
PH01916,PH01328,0,random
PH03928,PH03569,0,random
PH03977,PH02723,0,random
PH02032,PH02025,0,random
PH04082,PH02850,0,hard
PH04056,PH01540,0,random
PH04182,PH04364,0,random
PH03739,PH02650,0,random
PH04480,PH00125,0,random
PH01388,PH01308,0,hard
PH02475,PH01655,0,random
PH03016,PH00590,0,random
PH01253,PH04464,0,random
PH01100,PH00100,0,random
PH02482,PH02449,0,hard
PH01406,PH01034,0,random
PH01766,PH02839,0,random
PH01490,PH00842,0,random
PH04247,PH01676,0,random
PH00904,PH03882,0,hard
PH02069,PH02206,0,random
PH00204,PH01773,0,random
PH01564,PH02341,0,random
PH02308,PH03427,0,random
PH04395,PH00164,0,hard
PH02783,PH00719,0,random
PH00443,PH00877,0,random
PH00071,PH00979,0,random
PH00586,PH00807,0,random
PH03447,PH03682,0,hard
PH00633,PH00466,0,random
PH00855,PH00297,0,random
PH03904,PH01173,0,random
PH03000,PH01698,0,random
PH00856,PH03578,0,hard
PH01442,PH00430,0,random
PH00991,PH02109,0,random
PH00828,PH02956,0,random
PH03839,PH02780,0,random
PH00201,PH01219,0,hard
PH01876,PH01510,0,random
PH01493,PH00158,0,random
PH02845,PH00780,0,random
PH00321,PH02268,0,random
PH02984,PH03254,0,hard
PH01086,PH04188,0,random
PH03292,PH03978,0,random
PH01201,PH02288,0,random
PH03543,PH03699,0,random
PH03695,PH03895,0,hard
PH04131,PH02395,0,random
PH03331,PH02446,0,random
PH03377,PH03203,0,random
PH01985,PH03159,0,random
PH00536,PH00677,0,hard
PH04229,PH02101,0,random
PH00776,PH01197,0,random
PH04077,PH01025,0,random
PH04171,PH02505,0,random
PH01067,PH02534,0,hard
PH01762,PH04238,0,random
PH03269,PH00710,0,random
PH03617,PH01012,0,random
PH00710,PH01309,0,random
PH02216,PH04270,0,hard
PH03424,PH02780,0,random
PH04097,PH01183,0,random
PH03206,PH03848,0,random
PH00016,PH02672,0,random
PH00798,PH03822,0,hard
PH00861,PH00415,0,random
PH01988,PH04089,0,random
PH00124,PH02206,0,random
PH03252,PH00373,0,random
PH03706,PH00993,0,hard
PH02069,PH03903,0,random
PH00438,PH03427,0,random
PH02061,PH03101,0,random
PH00511,PH02972,0,random
PH01026,PH02826,0,hard
PH01111,PH01999,0,random
PH02167,PH02205,0,random
PH02209,PH02052,0,random
PH01239,PH02190,0,random
PH02630,PH01475,0,hard
PH01062,PH02799,0,random
PH02168,PH02031,0,random
PH02556,PH04495,0,random
PH01806,PH00410,0,random
PH02209,PH00154,0,hard
PH02731,PH01125,0,random
PH01117,PH03531,0,random
PH03807,PH00125,0,random
PH00680,PH02936,0,random
PH00247,PH00189,0,hard
PH04463,PH02283,0,random
PH02231,PH03060,0,random
PH01566,PH03960,0,random
PH01179,PH01647,0,random
PH00525,PH00037,0,hard
PH00444,PH02295,0,random
PH04295,PH01045,0,random
PH01859,PH01561,0,random
PH00163,PH00993,0,random
PH00626,PH00854,0,hard
PH01858,PH01488,0,random
PH01181,PH03574,0,random
PH04084,PH00376,0,random
PH03996,PH03598,0,random
PH01388,PH03596,0,hard
PH04244,PH00059,0,random
PH02352,PH00781,0,random
PH04448,PH01686,0,random
PH00866,PH01114,0,random
PH01671,PH02791,0,hard
PH02796,PH02741,0,random
PH00185,PH03690,0,random
PH02797,PH02931,0,random
PH00519,PH01324,0,random
PH00194,PH03928,0,hard
PH02713,PH00356,0,random
PH00536,PH02242,0,random
PH00226,PH03105,0,random
PH01517,PH02807,0,random
PH00045,PH02199,0,hard
PH02178,PH03242,0,random
PH01001,PH02753,0,random
PH01274,PH02225,0,random
PH02162,PH01132,0,random
PH00794,PH01777,0,hard
PH02802,PH02876,0,random
PH04387,PH02332,0,random
PH00209,PH02163,0,random
PH02191,PH01977,0,random
PH01692,PH02426,0,hard
PH04441,PH03802,0,random
PH02334,PH04354,0,random
PH01912,PH03700,0,random
PH01475,PH01933,0,random
PH01211,PH00147,0,hard
PH00003,PH03066,0,random
PH02270,PH03393,0,random
PH00506,PH04227,0,random
PH03582,PH04052,0,random
PH00274,PH02248,0,hard
PH00084,PH02190,0,random
PH02096,PH01912,0,random
PH01283,PH02756,0,random
PH00223,PH02364,0,random
PH00982,PH01264,0,hard
PH00611,PH00096,0,random
PH01518,PH00379,0,random
PH00797,PH01524,0,random
PH00573,PH00254,0,random
PH03234,PH02233,0,hard
PH00486,PH02855,0,random
PH00176,PH02962,0,random
PH02247,PH02900,0,random
PH00531,PH02247,0,random
PH02960,PH01638,0,hard
PH03133,PH02697,0,random
PH00046,PH00043,0,random
PH02587,PH03373,0,random
PH02159,PH01800,0,random
PH00512,PH00607,0,hard
PH00453,PH00464,0,random
PH00302,PH00696,0,random
PH01761,PH02345,0,random
PH01850,PH01909,0,random
PH03038,PH04178,0,hard
PH01634,PH01891,0,random
PH03324,PH02749,0,random
PH02028,PH02011,0,random
PH01371,PH04248,0,random
PH04439,PH03249,0,hard
PH03345,PH04183,0,random
PH01572,PH04048,0,random
PH00540,PH00041,0,random
PH02152,PH00332,0,random
PH00350,PH04154,0,hard
PH00205,PH01169,0,random
PH04286,PH01544,0,random
PH01171,PH02003,0,random
PH02802,PH03032,0,random
PH00476,PH01402,0,hard
PH01378,PH04127,0,random
PH03184,PH03423,0,random
PH00837,PH04444,0,random
PH03406,PH01196,0,random
PH04236,PH04102,0,hard
PH00427,PH03665,0,random
PH04066,PH02208,0,random
PH02486,PH01873,0,random
PH03892,PH00353,0,random
PH01844,PH02692,0,hard
PH02172,PH02410,0,random
PH03811,PH02244,0,random
PH00837,PH04059,0,random
PH04165,PH00967,0,random
PH00495,PH03134,0,hard
PH04401,PH01697,0,random
PH03127,PH04020,0,random
PH02939,PH02443,0,random
PH02444,PH03419,0,random
PH01741,PH01460,0,hard
PH00945,PH01645,0,random
PH02558,PH01573,0,random
PH01927,PH04355,0,random
PH02233,PH00339,0,random
PH04367,PH02857,0,hard
PH01085,PH02480,0,random
PH01484,PH02427,0,random
PH03697,PH00639,0,random
PH04121,PH02324,0,random
PH02332,PH00220,0,hard
PH02565,PH03068,0,random
PH00185,PH03236,0,random
PH03820,PH04462,0,random
PH03238,PH03307,0,random
PH02801,PH01973,0,hard
PH03204,PH03483,0,random
PH03008,PH04025,0,random
PH02367,PH01135,0,random
PH01653,PH02331,0,random
PH03875,PH02372,0,hard
PH03842,PH01448,0,random
PH02328,PH04251,0,random
PH00682,PH00137,0,random
PH00094,PH03000,0,random
PH02884,PH00688,0,hard
PH01547,PH00493,0,random
PH00120,PH04386,0,random
PH00065,PH01581,0,random
PH03312,PH02527,0,random
PH01173,PH02823,0,hard
PH03568,PH00368,0,random
PH01433,PH02651,0,random
PH01200,PH01406,0,random
PH00102,PH01094,0,random
PH02205,PH01828,0,hard
PH00774,PH02231,0,random
PH02668,PH00002,0,random
PH04356,PH01077,0,random
PH00194,PH00517,0,random
PH00548,PH00127,0,hard
PH03274,PH01846,0,random
PH02657,PH04367,0,random
PH02988,PH01616,0,random
PH04202,PH03809,0,random
PH02628,PH00090,0,hard
PH01978,PH04106,0,random
PH02725,PH02250,0,random
PH03528,PH00713,0,random
PH03124,PH01864,0,random
PH02028,PH03370,0,hard
PH01026,PH03454,0,random
PH00512,PH01099,0,random
PH00685,PH02433,0,random
PH00624,PH01010,0,random
PH00448,PH03739,0,hard
PH03993,PH01940,0,random
PH02365,PH01589,0,random
PH02374,PH02055,0,random
PH04168,PH01103,0,random
PH00827,PH00149,0,hard
PH04319,PH02283,0,random
PH04291,PH00298,0,random
PH02668,PH02989,0,random
PH03101,PH00620,0,random
PH04268,PH03936,0,hard
PH00211,PH01933,0,random
PH03562,PH02531,0,random
PH03973,PH01221,0,random
PH00118,PH03539,0,random
PH01415,PH02952,0,hard
PH03219,PH00728,0,random
PH03205,PH00656,0,random
PH02299,PH01859,0,random
PH04111,PH00818,0,random
PH01576,PH00571,0,hard
PH02016,PH03565,0,random
PH01539,PH02565,0,random
PH01107,PH02608,0,random
PH00427,PH03815,0,random
PH03633,PH00843,0,hard
PH03284,PH00863,0,random
PH03357,PH04322,0,random
PH01059,PH00152,0,random
PH03745,PH01778,0,random
PH02835,PH02669,0,hard
PH02422,PH03897,0,random
PH01812,PH00361,0,random
PH01539,PH03768,0,random
PH04375,PH01120,0,random
PH00049,PH03466,0,hard
PH04357,PH00827,0,random
PH00511,PH02116,0,random
PH04215,PH03827,0,random
PH01755,PH00849,0,random
PH04345,PH01541,0,hard
PH03553,PH03152,0,random
PH01920,PH01879,0,random
PH00845,PH00664,0,random
PH02181,PH00813,0,random
PH02534,PH02200,0,hard
PH00408,PH01781,0,random
PH00733,PH03428,0,random
PH02988,PH03004,0,random
PH02320,PH02397,0,random
PH03542,PH01910,0,hard
PH00228,PH02428,0,random
PH02763,PH02854,0,random
PH02285,PH02095,0,random
PH01059,PH02171,0,random
PH00512,PH01820,0,hard
PH03536,PH00618,0,random
PH03369,PH02412,0,random
PH01173,PH03395,0,random
PH03543,PH02143,0,random
PH02302,PH00529,0,hard
PH02979,PH02881,0,random
PH02606,PH02053,0,random
PH02416,PH03673,0,random
PH03547,PH00719,0,random
PH02159,PH01092,0,hard
PH01438,PH00213,0,random
PH03299,PH03525,0,random
PH02692,PH03882,0,random
PH00057,PH02724,0,random
PH03097,PH00749,0,hard
PH03280,PH04460,0,random
PH01695,PH03781,0,random
PH00257,PH04355,0,random
PH02549,PH00717,0,random
PH00837,PH03847,0,hard
PH02851,PH01412,0,random
PH00295,PH00487,0,random
PH00237,PH01704,0,random
PH03522,PH01166,0,random
PH03877,PH00563,0,hard
PH01228,PH02568,0,random
PH01383,PH02261,0,random
PH00966,PH03191,0,random
PH04379,PH01676,0,random
PH04301,PH03637,0,hard
PH03264,PH02042,0,random
PH03473,PH02087,0,random
PH02413,PH04237,0,random
PH03752,PH02275,0,random
PH04176,PH03247,0,hard
PH03893,PH02141,0,random
PH03196,PH00290,0,random
PH00292,PH02114,0,random
PH01223,PH03485,0,random
PH00413,PH03153,0,hard
PH02687,PH03204,0,random
PH01722,PH01065,0,random
PH01375,PH03164,0,random
PH03799,PH02983,0,random
PH01653,PH02717,0,hard
PH01636,PH01351,0,random
PH01532,PH04321,0,random
PH01242,PH03231,0,random
PH00616,PH01542,0,random
PH02183,PH00456,0,hard
PH00814,PH00021,0,random
PH03912,PH02546,0,random
PH02490,PH00619,0,random
PH01383,PH04123,0,random
PH02103,PH00281,0,hard
PH00086,PH03612,0,random
PH01470,PH01931,0,random
PH01263,PH02691,0,random
PH02300,PH00816,0,random
PH03280,PH00427,0,hard
PH02492,PH01722,0,random
PH00185,PH03892,0,random
PH03231,PH02745,0,random
PH02658,PH01169,0,random
PH02556,PH01929,0,hard
PH01210,PH04031,0,random
PH04162,PH02626,0,random
PH02355,PH02881,0,random
PH00085,PH02118,0,random
PH02360,PH02387,0,hard
PH01543,PH02649,0,random
PH04099,PH00544,0,random
PH03455,PH02123,0,random
PH04134,PH01202,0,random
PH00082,PH00801,0,hard
PH00010,PH00999,0,random
PH02058,PH00204,0,random
PH01853,PH04030,0,random
PH00822,PH00412,0,random
PH02219,PH00031,0,hard
PH03594,PH02371,0,random
PH02360,PH00892,0,random
PH03663,PH03636,0,random
PH01769,PH01241,0,random
PH01011,PH03624,0,hard
PH03357,PH03807,0,random
PH03638,PH00123,0,random
PH01243,PH02560,0,random
PH03004,PH02135,0,random
PH01026,PH01948,0,hard
PH03215,PH00421,0,random
PH03752,PH00854,0,random
PH02387,PH00514,0,random
PH01476,PH01116,0,random
PH02859,PH00776,0,hard
PH01539,PH01868,0,random
PH02099,PH01491,0,random
PH03678,PH00746,0,random
PH01036,PH00254,0,random
PH01694,PH00585,0,hard
PH01866,PH00841,0,random
PH01124,PH01491,0,random
PH00869,PH03729,0,random
PH02289,PH00168,0,random
PH00986,PH00223,0,hard
PH03404,PH02594,0,random
PH03215,PH04473,0,random
PH00893,PH00064,0,random
PH02380,PH02495,0,random
PH02217,PH03084,0,hard
PH01992,PH02557,0,random
PH02824,PH02326,0,random
PH02689,PH00357,0,random
PH01778,PH00489,0,random
PH01006,PH02840,0,hard
PH01521,PH01319,0,random
PH01892,PH00481,0,random
PH04332,PH02876,0,random
PH00581,PH02492,0,random
PH03634,PH02536,0,hard
PH00230,PH00817,0,random
PH02659,PH00697,0,random
PH02397,PH00663,0,random
PH04192,PH03947,0,random
PH00959,PH03347,0,hard
PH01539,PH04457,0,random
PH00875,PH02878,0,random
PH04353,PH00099,0,random
PH03291,PH00567,0,random
PH01875,PH01317,0,hard
PH03927,PH00911,0,random
PH04031,PH02748,0,random
PH02709,PH00946,0,random
PH00875,PH02613,0,random
PH01707,PH02729,0,hard
PH01677,PH02541,0,random
PH04290,PH01163,0,random
PH00937,PH03129,0,random
PH00930,PH03649,0,random
PH02098,PH02954,0,hard
PH04180,PH03466,0,random
PH02546,PH00082,0,random
PH00786,PH03013,0,random
PH02343,PH03390,0,random
PH00758,PH01424,0,hard
PH02037,PH01516,0,random
PH03947,PH03832,0,random
PH00953,PH00733,0,random
PH02810,PH02873,0,random
PH00871,PH03929,0,hard
PH01717,PH01581,0,random
PH01854,PH01137,0,random
PH00575,PH00057,0,random
PH00616,PH00606,0,random
PH01624,PH03555,0,hard
PH03538,PH03438,0,random
PH03228,PH01793,0,random
PH02230,PH00800,0,random
PH02415,PH02624,0,random
PH01519,PH04201,0,hard
PH02749,PH03947,0,random
PH01806,PH04093,0,random
PH02772,PH02549,0,random
PH00217,PH01814,0,random
PH00944,PH01554,0,hard
PH02140,PH00052,0,random
PH00242,PH02312,0,random
PH02717,PH04296,0,random
PH01256,PH01960,0,random
PH01718,PH01655,0,hard
PH03693,PH04135,0,random
PH01335,PH03247,0,random
PH02967,PH01555,0,random
PH04156,PH03688,0,random
PH03995,PH01583,0,hard
PH02466,PH01882,0,random
PH00726,PH00806,0,random
PH00110,PH03517,0,random
PH03365,PH04411,0,random
PH02743,PH00782,0,hard
PH03328,PH03552,0,random
PH00198,PH01079,0,random
PH01554,PH02348,0,random
PH00474,PH03940,0,random
PH02475,PH03299,0,hard
PH03538,PH00022,0,random
PH03848,PH00825,0,random
PH02774,PH01100,0,random
PH03869,PH03109,0,random
PH02928,PH02087,0,hard
PH04350,PH04067,0,random
PH04130,PH00188,0,random
PH03920,PH01533,0,random
PH04468,PH01275,0,random
PH02307,PH03962,0,hard
PH01584,PH01045,0,random
PH03611,PH00072,0,random
PH02143,PH00756,0,random
PH04130,PH02349,0,random
PH04444,PH03763,0,hard
PH01454,PH02582,0,random
PH01168,PH03309,0,random
PH00281,PH02685,0,random
PH03035,PH03880,0,random
PH04486,PH01117,0,hard
PH00965,PH01807,0,random
PH03221,PH00787,0,random
PH00337,PH01130,0,random
PH02057,PH02674,0,random
PH04112,PH00823,0,hard
PH02989,PH03813,0,random
PH04369,PH04093,0,random
PH00703,PH01940,0,random
PH00302,PH04268,0,random
PH00985,PH02356,0,hard
PH02087,PH02389,0,random
PH01960,PH02178,0,random
PH01063,PH04419,0,random
PH04137,PH02933,0,random
PH00978,PH04152,0,hard
PH02566,PH01392,0,random
PH03791,PH02920,0,random
PH04292,PH03986,0,random
PH02632,PH01238,0,random
PH03762,PH00784,0,hard
PH00772,PH03072,0,random
PH01428,PH03276,0,random
PH01631,PH04443,0,random
PH03260,PH01856,0,random
PH02546,PH00835,0,hard
PH03691,PH01516,0,random
PH01245,PH01639,0,random
PH01292,PH00428,0,random
PH02044,PH03131,0,random
PH00101,PH02151,0,hard
PH01018,PH03294,0,random
PH00898,PH03693,0,random
PH03855,PH04435,0,random
PH02177,PH03505,0,random
PH01502,PH03838,0,hard
PH00909,PH04318,0,random
PH02263,PH03191,0,random
PH02508,PH04423,0,random
PH02060,PH00936,0,random
PH03461,PH00380,0,hard
PH00023,PH00071,0,random
PH01337,PH00839,0,random
PH00658,PH04351,0,random
PH04176,PH02889,0,random
PH04040,PH03481,0,hard
PH03669,PH01879,0,random
PH03467,PH01237,0,random
PH04169,PH01102,0,random
PH04306,PH02696,0,random
PH01318,PH00795,0,hard
PH02367,PH03033,0,random
PH02623,PH02265,0,random
PH01676,PH01354,0,random
PH01751,PH00074,0,random
PH02779,PH00248,0,hard
PH00970,PH02938,0,random
PH01754,PH03608,0,random
PH01709,PH02071,0,random
PH04401,PH01740,0,random
PH01817,PH04257,0,hard
PH03397,PH00605,0,random
PH04437,PH01854,0,random
PH01600,PH00438,0,random
PH03749,PH01960,0,random
PH01532,PH02182,0,hard
PH04067,PH03628,0,random
PH00791,PH04236,0,random
PH00267,PH04152,0,random
PH02683,PH00986,0,random
PH02271,PH00087,0,hard
PH00302,PH03172,0,random
PH01569,PH03307,0,random
PH02639,PH00629,0,random
PH03292,PH00769,0,random
PH02541,PH01142,0,hard
PH00185,PH01112,0,random
PH04076,PH03368,0,random
PH02063,PH03803,0,random
PH01188,PH03211,0,random
PH03652,PH02649,0,hard
PH00606,PH01658,0,random
PH00672,PH04065,0,random
PH03250,PH00698,0,random
PH02459,PH03094,0,random
PH01524,PH03991,0,hard
PH03658,PH00989,0,random
PH00915,PH02773,0,random
PH03343,PH04424,0,random
PH03957,PH02133,0,random
PH03586,PH04046,0,hard
PH01114,PH01194,0,random
PH01972,PH04015,0,random
PH03295,PH03574,0,random
PH01608,PH02577,0,random
PH04055,PH00726,0,hard
PH00533,PH04356,0,random
PH02514,PH04145,0,random
PH00325,PH00400,0,random
PH00492,PH03161,0,random
PH02778,PH00709,0,hard
PH00003,PH02226,0,random
PH01533,PH00986,0,random
PH03215,PH04112,0,random
PH00330,PH04087,0,random
PH02090,PH00923,0,hard
PH03080,PH02687,0,random
PH00042,PH02514,0,random
PH03952,PH01895,0,random
PH02727,PH00316,0,random
PH04404,PH01044,0,hard
PH01957,PH01163,0,random
PH04013,PH03942,0,random
PH02234,PH00497,0,random
PH01084,PH02169,0,random
PH02448,PH02892,0,hard
PH01739,PH01235,0,random
PH01115,PH03131,0,random
PH02684,PH04389,0,random
PH01663,PH03372,0,random
PH02546,PH04131,0,hard
PH04182,PH03689,0,random
PH00981,PH00865,0,random
PH01716,PH02670,0,random
PH01799,PH01074,0,random
PH00685,PH01595,0,hard
PH03921,PH02270,0,random
PH01175,PH00864,0,random
PH04275,PH01821,0,random
PH00371,PH01521,0,random
PH04027,PH01876,0,hard
PH01259,PH02480,0,random
PH00968,PH00144,0,random
PH03375,PH01866,0,random
PH02389,PH03814,0,random
PH02888,PH02271,0,hard
PH00383,PH00507,0,random
PH02415,PH01766,0,random
PH01754,PH03371,0,random
PH01384,PH01517,0,random
PH02576,PH04147,0,hard
PH04365,PH04175,0,random
PH01241,PH02705,0,random
PH01281,PH00468,0,random
PH01738,PH03518,0,random
PH00561,PH03628,0,hard
PH00582,PH03644,0,random
PH01841,PH04137,0,random
PH00035,PH02187,0,random
PH00071,PH01109,0,random
PH01293,PH03819,0,hard
PH00428,PH04074,0,random
PH01521,PH04338,0,random
PH01982,PH04365,0,random
PH03564,PH01152,0,random
PH03965,PH00363,0,hard
PH02273,PH03162,0,random
PH01571,PH03411,0,random
PH03789,PH02559,0,random
PH02995,PH02921,0,random
PH04097,PH01463,0,hard
PH02537,PH03079,0,random
PH00632,PH03650,0,random
PH02272,PH03077,0,random
PH01803,PH01208,0,random
PH00595,PH03365,0,hard
PH02575,PH03426,0,random
PH00267,PH04199,0,random
PH02891,PH02338,0,random
PH03150,PH02959,0,random
PH02310,PH00588,0,hard
PH01173,PH02039,0,random
PH01392,PH00477,0,random
PH04193,PH01249,0,random
PH03928,PH01277,0,random
PH02347,PH04095,0,hard
PH01444,PH03031,0,random
PH00236,PH03921,0,random
PH01998,PH03206,0,random
PH01943,PH00071,0,random
PH00664,PH01789,0,hard
PH01622,PH00652,0,random
PH02623,PH01910,0,random
PH02980,PH00299,0,random
PH04027,PH00087,0,random
PH04401,PH03647,0,hard
PH02538,PH04090,0,random
PH02506,PH03356,0,random
PH01626,PH02854,0,random
PH02076,PH04102,0,random
PH03379,PH02796,0,hard
PH00221,PH03599,0,random
PH02804,PH00913,0,random
PH02813,PH00405,0,random
PH01616,PH01667,0,random
PH02633,PH00941,0,hard
PH01565,PH00993,0,random
PH02715,PH01843,0,random
PH03308,PH03541,0,random
PH02990,PH03773,0,random
PH01036,PH02875,0,hard
PH01872,PH02425,0,random
PH04428,PH00882,0,random
PH01818,PH02197,0,random
PH00503,PH00172,0,random
PH01284,PH02090,0,hard
PH00002,PH02983,0,random
PH03695,PH00609,0,random
PH02055,PH01493,0,random
PH02172,PH04481,0,random
PH04466,PH02173,0,hard
PH02673,PH01965,0,random
PH00881,PH03876,0,random
PH02797,PH00432,0,random
PH03886,PH02094,0,random
PH03332,PH03529,0,hard
PH03685,PH01772,0,random
PH01642,PH02129,0,random
PH02338,PH02388,0,random
PH00626,PH02230,0,random
PH00393,PH00173,0,hard
PH00363,PH02077,0,random
PH00347,PH01631,0,random
PH01834,PH00557,0,random
PH03175,PH04426,0,random
PH04169,PH03808,0,hard
PH02943,PH01266,0,random
PH03171,PH01211,0,random
PH00436,PH00310,0,random
PH03839,PH03649,0,random
PH02861,PH04423,0,hard
PH02831,PH00707,0,random
PH02220,PH02370,0,random
PH00212,PH03123,0,random
PH00677,PH04336,0,random
PH01964,PH03609,0,hard
PH00557,PH00768,0,random
PH01411,PH02586,0,random
PH01364,PH00947,0,random
PH01717,PH03879,0,random
PH01283,PH02858,0,hard
PH01577,PH00238,0,random
PH01719,PH01032,0,random
PH01850,PH03403,0,random
PH03502,PH02562,0,random
PH04014,PH02218,0,hard
PH03546,PH01382,0,random
PH00297,PH01148,0,random
PH00706,PH01569,0,random
PH02746,PH02388,0,random
PH02404,PH02194,0,hard
PH03001,PH02134,0,random
PH02787,PH04238,0,random
PH02487,PH03999,0,random
PH00662,PH03788,0,random
PH02337,PH04177,0,hard
PH01704,PH00931,0,random
PH03609,PH00855,0,random
PH00660,PH00718,0,random
PH03853,PH00433,0,random
PH00434,PH01049,0,hard
PH00583,PH03444,0,random
PH00223,PH01678,0,random
PH01919,PH02770,0,random
PH01666,PH01142,0,random
PH01348,PH04363,0,hard
PH02358,PH02256,0,random
PH01498,PH03995,0,random
PH01970,PH01281,0,random
PH01881,PH01490,0,random
PH02195,PH01219,0,hard
PH01002,PH01298,0,random
PH03753,PH02400,0,random
PH01900,PH01906,0,random
PH01503,PH02655,0,random
PH02725,PH02940,0,hard
PH01284,PH02223,0,random
PH01210,PH03107,0,random
PH04181,PH03767,0,random
PH00398,PH03801,0,random
PH01004,PH01032,0,hard
PH01752,PH00694,0,random
PH04386,PH02265,0,random
PH01312,PH01162,0,random
PH03786,PH00107,0,random
PH04481,PH00987,0,hard
PH03144,PH03395,0,random
PH04414,PH00121,0,random
PH00318,PH03331,0,random
PH01037,PH00629,0,random
PH00546,PH03510,0,hard
PH01845,PH02381,0,random
PH02833,PH01644,0,random
PH01365,PH03161,0,random
PH00926,PH02968,0,random
PH02340,PH00821,0,hard
PH02913,PH01705,0,random
PH02036,PH03001,0,random
PH01972,PH00610,0,random
PH03466,PH02297,0,random
PH02471,PH02205,0,hard
PH02237,PH03716,0,random
PH00355,PH00375,0,random
PH03814,PH03687,0,random
PH01768,PH01861,0,random
PH00430,PH03367,0,hard
PH01656,PH04436,0,random
PH03600,PH04273,0,random
PH02854,PH01514,0,random
PH00438,PH01353,0,random
PH02265,PH03202,0,hard
PH00977,PH01107,0,random
PH04308,PH00799,0,random
PH04464,PH02849,0,random
PH04024,PH01339,0,random
PH04115,PH01071,0,hard
PH03332,PH04284,0,random
PH03012,PH01321,0,random
PH03752,PH00567,0,random
PH02468,PH03424,0,random
PH02747,PH03959,0,hard
PH00805,PH00608,0,random
PH02770,PH03082,0,random
PH03244,PH01593,0,random
PH03110,PH01587,0,random
PH02007,PH02326,0,hard
PH04223,PH00407,0,random
PH03585,PH03790,0,random
PH00843,PH03910,0,random
PH01267,PH02254,0,random
PH00377,PH02459,0,hard
PH02518,PH01083,0,random
PH01241,PH02270,0,random
PH00115,PH02372,0,random
PH03963,PH01307,0,random
PH02719,PH00850,0,hard
PH03920,PH02965,0,random
PH00901,PH04432,0,random
PH02782,PH03071,0,random
PH00009,PH03102,0,random
PH02422,PH03714,0,hard
PH04142,PH02521,0,random
PH02436,PH00128,0,random
PH01841,PH00820,0,random
PH04422,PH04120,0,random
PH03064,PH01130,0,hard
PH01480,PH04067,0,random
PH02415,PH01095,0,random
PH02819,PH00278,0,random
PH01791,PH00129,0,random
PH04212,PH01261,0,hard
PH03493,PH00312,0,random
PH00486,PH04055,0,random
PH03111,PH02400,0,random
PH03602,PH04122,0,random
PH02402,PH02983,0,hard
PH01870,PH03111,0,random
PH03379,PH02310,0,random
PH01539,PH02128,0,random
PH03814,PH04206,0,random
PH04214,PH04082,0,hard
PH03850,PH03821,0,random
PH02575,PH02981,0,random
PH03272,PH04071,0,random
PH04412,PH03390,0,random
PH01275,PH04380,0,hard
PH02071,PH00849,0,random
PH02101,PH03761,0,random
PH02878,PH03317,0,random
PH04231,PH00062,0,random
PH00484,PH01732,0,hard
PH01663,PH04101,0,random
PH02723,PH02619,0,random
PH01364,PH04417,0,random
PH01523,PH00071,0,random
PH03679,PH00377,0,hard
PH00506,PH00012,0,random
PH00796,PH04031,0,random
PH04402,PH01791,0,random
PH02608,PH03360,0,random
PH01365,PH01867,0,hard
PH03238,PH02283,0,random
PH00600,PH04238,0,random
PH03785,PH02905,0,random
PH01975,PH02777,0,random
PH02291,PH01244,0,hard
PH03269,PH03216,0,random
PH02823,PH00875,0,random
PH01164,PH02046,0,random
PH01761,PH02094,0,random
PH01804,PH04055,0,hard
PH03811,PH02792,0,random
PH00160,PH01865,0,random
PH00872,PH04334,0,random
PH00990,PH00201,0,random
PH02548,PH01763,0,hard
PH01121,PH02560,0,random
PH01003,PH01223,0,random
PH03794,PH01326,0,random
PH00330,PH00002,0,random
PH04084,PH00264,0,hard
PH02484,PH01853,0,random
PH03596,PH02581,0,random
PH02535,PH03683,0,random
PH00425,PH04440,0,random
PH00812,PH01938,0,hard
PH04114,PH00734,0,random
PH01142,PH04040,0,random
PH00861,PH02084,0,random
PH02862,PH04063,0,random
PH00822,PH01503,0,hard
PH00115,PH01373,0,random
PH00628,PH01312,0,random
PH01281,PH01523,0,random
PH02065,PH04435,0,random
PH01262,PH00175,0,hard
PH01391,PH00592,0,random
PH01644,PH02461,0,random
PH01170,PH00858,0,random
PH01603,PH00963,0,random
PH02325,PH04273,0,hard
PH01748,PH03304,0,random
PH00686,PH02119,0,random
PH00117,PH03613,0,random
PH03963,PH00872,0,random
PH02662,PH01515,0,hard
PH01135,PH04088,0,random
PH00797,PH01913,0,random
PH00137,PH01916,0,random
PH00385,PH03718,0,random
PH04226,PH01324,0,hard
PH01920,PH00981,0,random
PH03241,PH00129,0,random
PH03915,PH00821,0,random
PH00635,PH01245,0,random
PH02312,PH01124,0,hard
PH03356,PH02773,0,random
PH00071,PH03595,0,random
PH01143,PH03154,0,random
PH04118,PH03573,0,random
PH02212,PH04379,0,hard
PH03835,PH03508,0,random
PH02127,PH03252,0,random
PH01559,PH01760,0,random
PH01056,PH04046,0,random
PH00492,PH00476,0,hard
PH01114,PH00567,0,random
PH02170,PH03060,0,random
PH00201,PH01090,0,random
PH04125,PH03167,0,random
PH02030,PH00951,0,hard
PH02488,PH01546,0,random
PH03527,PH01445,0,random
PH03961,PH02217,0,random
PH04225,PH02519,0,random
PH01454,PH01092,0,hard
PH01415,PH00512,0,random
PH01293,PH01120,0,random
PH01706,PH01243,0,random
PH03749,PH02831,0,random
PH04296,PH02469,0,hard
PH02514,PH02340,0,random
PH01984,PH03343,0,random
PH01779,PH03175,0,random
PH04183,PH04393,0,random
PH04347,PH00714,0,hard
PH00907,PH02182,0,random
PH02221,PH03585,0,random
PH03984,PH00047,0,random
PH03056,PH00597,0,random
PH03980,PH01490,0,hard
PH02016,PH03707,0,random
PH01334,PH01831,0,random
PH00721,PH00123,0,random
PH03962,PH04243,0,random
PH00215,PH00237,0,hard
PH02267,PH03551,0,random
PH02441,PH00815,0,random
PH00659,PH02919,0,random
PH01448,PH00389,0,random
PH03599,PH01616,0,hard
PH03238,PH02231,0,random
PH04500,PH04393,0,random
PH03387,PH00672,0,random
PH04234,PH04343,0,random
PH04352,PH02584,0,hard
PH02107,PH00063,0,random
PH01602,PH02983,0,random
PH00622,PH02758,0,random
PH00221,PH03932,0,random
PH01255,PH03333,0,hard
PH01234,PH01695,0,random
PH02081,PH01643,0,random
PH04173,PH01428,0,random
PH01179,PH03589,0,random
PH02086,PH01271,0,hard
PH02198,PH00391,0,random
PH01019,PH00720,0,random
PH01133,PH01606,0,random
PH01606,PH03690,0,random
PH03162,PH03621,0,hard
PH03787,PH00805,0,random
PH04004,PH02043,0,random
PH03192,PH00857,0,random
PH03060,PH00643,0,random
PH02466,PH04289,0,hard
PH00075,PH02421,0,random
PH02688,PH01644,0,random
PH02418,PH02042,0,random
PH03920,PH00543,0,random
PH00767,PH03351,0,hard
PH01000,PH02339,0,random
PH04074,PH03053,0,random
PH03730,PH02849,0,random
PH03053,PH03343,0,random
PH01107,PH04152,0,hard
PH01087,PH00567,0,random
PH03144,PH01266,0,random
PH00811,PH00555,0,random
PH00412,PH02606,0,random
PH02949,PH01469,0,hard
PH02101,PH01111,0,random
PH03401,PH01503,0,random
PH02539,PH03199,0,random
PH03670,PH04318,0,random
PH01431,PH02571,0,hard
PH04427,PH01295,0,random
PH01939,PH03383,0,random
PH01509,PH02900,0,random
PH04078,PH04315,0,random
PH00687,PH01923,0,hard
PH03272,PH01164,0,random
PH00204,PH03771,0,random
PH02235,PH00658,0,random
PH02164,PH04111,0,random
PH01347,PH03246,0,hard
PH01820,PH01707,0,random
PH04494,PH04216,0,random
PH03403,PH01547,0,random
PH02165,PH00722,0,random
PH03040,PH02161,0,hard
PH02889,PH03300,0,random
PH04140,PH03994,0,random
PH01600,PH03533,0,random
PH01629,PH00368,0,random
PH04220,PH01891,0,hard
PH00528,PH01563,0,random
PH01720,PH00348,0,random
PH02443,PH02699,0,random
PH03051,PH00613,0,random
PH04475,PH00245,0,hard
PH00944,PH02437,0,random
PH02620,PH04496,0,random
PH03155,PH00126,0,random
PH00263,PH04306,0,random
PH02869,PH03368,0,hard
PH00250,PH00151,0,random
PH03577,PH01356,0,random
PH01610,PH00326,0,random
PH03636,PH02315,0,random
PH01820,PH01373,0,hard
PH03995,PH02459,0,random
PH03649,PH02146,0,random
PH01638,PH01564,0,random
PH00569,PH02801,0,random
PH02203,PH03026,0,hard
PH03660,PH01212,0,random
PH03858,PH03268,0,random
PH00549,PH02267,0,random
PH02628,PH00273,0,random
PH02567,PH04007,0,hard
PH04291,PH01399,0,random
PH01756,PH03266,0,random
PH03967,PH02621,0,random
PH03560,PH04115,0,random
PH02061,PH00879,0,hard
PH02198,PH01148,0,random
PH00878,PH03371,0,random
PH03100,PH03593,0,random
PH01928,PH00340,0,random
PH02532,PH02945,0,hard
PH01612,PH01432,0,random
PH04113,PH04498,0,random
PH00960,PH01607,0,random
PH02587,PH03804,0,random
PH02590,PH01582,0,hard
PH00564,PH03140,0,random
PH04225,PH01040,0,random
PH00167,PH03133,0,random
PH04021,PH01649,0,random
PH01223,PH02847,0,hard
PH00515,PH03026,0,random
PH00795,PH01096,0,random
PH01931,PH04117,0,random
PH01027,PH03158,0,random
PH00832,PH01048,0,hard
PH03622,PH03503,0,random
PH01282,PH02361,0,random
PH04069,PH01047,0,random
PH02371,PH00319,0,random
PH00675,PH03627,0,hard
PH00944,PH03612,0,random
PH00438,PH02870,0,random
PH00372,PH03980,0,random
PH03953,PH01330,0,random
PH03741,PH03838,0,hard
PH01957,PH01703,0,random
PH01010,PH00564,0,random
PH01259,PH04209,0,random
PH00682,PH03774,0,random
PH03363,PH01870,0,hard
PH03651,PH00466,0,random
PH03016,PH04402,0,random
PH03044,PH03599,0,random
PH02854,PH00833,0,random
PH01643,PH03679,0,hard
PH01706,PH03266,0,random
PH03990,PH01382,0,random
PH01950,PH00298,0,random
PH00623,PH02256,0,random
PH03053,PH03061,0,hard
PH01898,PH00553,0,random
PH04084,PH00364,0,random
PH04015,PH03727,0,random
PH02407,PH01106,0,random
PH02532,PH00824,0,hard
PH02816,PH00590,0,random
PH03467,PH00535,0,random
PH00734,PH01017,0,random
PH04338,PH03487,0,random
PH02102,PH03423,0,hard
PH03277,PH01619,0,random
PH02013,PH04199,0,random
PH02410,PH02195,0,random
PH01428,PH03224,0,random
PH00387,PH02974,0,hard
PH02164,PH03930,0,random
PH02223,PH00035,0,random
PH01466,PH03673,0,random
PH04053,PH03223,0,random
PH01375,PH03407,0,hard
PH00090,PH02270,0,random
PH02609,PH03531,0,random
PH03158,PH03144,0,random
PH01417,PH00116,0,random
PH00937,PH02448,0,hard
PH02874,PH02404,0,random
PH01464,PH01895,0,random
PH02098,PH03433,0,random
PH03402,PH02945,0,random
PH00571,PH02082,0,hard
PH00117,PH03078,0,random
PH01246,PH01558,0,random
PH02264,PH01882,0,random
PH04407,PH04053,0,random
PH00100,PH03046,0,hard
PH02732,PH00815,0,random
PH00621,PH00102,0,random
PH01845,PH00737,0,random
PH03317,PH04215,0,random
PH04017,PH00341,0,hard
PH02644,PH01575,0,random
PH01790,PH03902,0,random
PH01879,PH00618,0,random
PH01529,PH04060,0,random
PH04215,PH02236,0,hard
PH03756,PH01649,0,random
PH02992,PH02299,0,random
PH01488,PH01818,0,random
PH04124,PH00209,0,random
PH04354,PH02028,0,hard
PH04238,PH02027,0,random
PH01480,PH03412,0,random
PH04266,PH04407,0,random
PH03302,PH04277,0,random
PH00684,PH00865,0,hard
PH00180,PH02319,0,random
PH03953,PH03363,0,random
PH00708,PH00122,0,random
PH03581,PH02332,0,random
PH04309,PH04246,0,hard
PH04261,PH01448,0,random
PH02305,PH00368,0,random
PH00290,PH02495,0,random
PH01557,PH00645,0,random
PH03485,PH00079,0,hard
PH04146,PH04283,0,random
PH02342,PH03384,0,random
PH03853,PH02368,0,random
PH01892,PH00947,0,random
PH04417,PH01817,0,hard
PH00808,PH02346,0,random
PH03086,PH00534,0,random
PH02352,PH02591,0,random
PH01371,PH00168,0,random
PH02367,PH03921,0,hard
PH03439,PH01436,0,random
PH03302,PH00505,0,random
PH03722,PH03783,0,random
PH03231,PH01588,0,random
PH03577,PH04153,0,hard
PH01512,PH02392,0,random
PH04236,PH00040,0,random
PH03756,PH00627,0,random
PH01896,PH01237,0,random
PH04267,PH03483,0,hard
PH01242,PH03272,0,random
PH01315,PH00613,0,random
PH03572,PH03053,0,random
PH02007,PH02170,0,random
PH02440,PH00330,0,hard
PH02131,PH01704,0,random
PH00669,PH01497,0,random
PH01923,PH04167,0,random
PH01157,PH00789,0,random
PH02479,PH03753,0,hard
PH01874,PH02068,0,random
PH03943,PH04296,0,random
PH03585,PH04085,0,random
PH03402,PH03702,0,random
PH00246,PH04006,0,hard
PH00084,PH00076,0,random
PH00722,PH03191,0,random
PH01551,PH02109,0,random
PH02523,PH01148,0,random
PH01567,PH01388,0,hard
PH03708,PH02536,0,random
PH02115,PH02185,0,random
PH04498,PH00765,0,random
PH03204,PH00984,0,random
PH01358,PH01503,0,hard
PH02627,PH02368,0,random
PH03455,PH03599,0,random
PH03912,PH04260,0,random
PH03392,PH00957,0,random
PH03851,PH02461,0,hard
PH00168,PH03753,0,random
PH03509,PH02629,0,random
PH00276,PH01576,0,random
PH01830,PH03162,0,random
PH00393,PH01427,0,hard
PH02714,PH00862,0,random
PH01810,PH01202,0,random
PH01299,PH03773,0,random
PH02750,PH01933,0,random
PH00803,PH01271,0,hard
PH03258,PH02633,0,random
PH02551,PH02660,0,random
PH03068,PH02703,0,random
PH03549,PH01881,0,random
PH04301,PH01629,0,hard
PH01755,PH01343,0,random
PH03203,PH04191,0,random
PH03087,PH00635,0,random
PH02070,PH03665,0,random
PH01829,PH04143,0,hard
PH02061,PH04270,0,random
PH02485,PH03082,0,random
PH03781,PH04329,0,random
PH00485,PH02933,0,random
PH03642,PH00977,0,hard
PH00451,PH00127,0,random
PH00722,PH00353,0,random
PH01306,PH02782,0,random
PH00619,PH02969,0,random
PH00993,PH02172,0,hard
PH02465,PH01519,0,random
PH02974,PH04490,0,random
PH01363,PH00933,0,random
PH00987,PH04379,0,random
PH02457,PH03502,0,hard
PH03515,PH01647,0,random
PH01884,PH02845,0,random
PH00455,PH03004,0,random
PH03838,PH02833,0,random
PH02179,PH01887,0,hard
PH01131,PH02361,0,random
PH01411,PH04472,0,random
PH01291,PH01754,0,random
PH03821,PH00437,0,random
PH03965,PH03839,0,hard
PH03784,PH00552,0,random
PH01557,PH02141,0,random
PH04261,PH00275,0,random
PH04328,PH01984,0,random
PH00064,PH00044,0,hard
PH03346,PH02469,0,random
PH04026,PH04271,0,random
PH02789,PH00768,0,random
PH00850,PH00321,0,random
PH03805,PH02680,0,hard
PH01037,PH01466,0,random
PH00666,PH02216,0,random
PH03573,PH02645,0,random
PH01098,PH01345,0,random
PH02596,PH00302,0,hard
PH01285,PH02598,0,random
PH02173,PH03906,0,random
PH01809,PH00199,0,random
PH00871,PH00999,0,random
PH02930,PH03083,0,hard
PH02232,PH02434,0,random
PH03380,PH01733,0,random
PH00868,PH01403,0,random
PH03392,PH00578,0,random
PH00293,PH01010,0,hard
PH02002,PH02395,0,random
PH02273,PH03726,0,random
PH02886,PH04087,0,random
PH02273,PH03616,0,random
PH00806,PH01046,0,hard
PH04427,PH01395,0,random
PH02620,PH04346,0,random
PH02401,PH01290,0,random
PH01565,PH02626,0,random
PH02917,PH04328,0,hard
PH02626,PH04458,0,random
PH03131,PH03006,0,random
PH04309,PH01552,0,random
PH02395,PH03835,0,random
PH01056,PH01997,0,hard
PH04095,PH03156,0,random
PH04456,PH01607,0,random
PH02676,PH01496,0,random
PH01854,PH00030,0,random
PH00114,PH00052,0,hard
PH00146,PH04366,0,random
PH02295,PH03328,0,random
PH00605,PH01438,0,random
PH02210,PH01404,0,random
PH02075,PH01032,0,hard
PH00583,PH01500,0,random
PH04181,PH00608,0,random
PH00030,PH03208,0,random
PH03397,PH03147,0,random
PH03303,PH01320,0,hard
PH03755,PH03996,0,random
PH00604,PH03964,0,random
PH04223,PH00436,0,random
PH03912,PH03092,0,random
PH03355,PH02890,0,hard
PH01797,PH01820,0,random
PH01055,PH01071,0,random
PH00128,PH04478,0,random
PH03458,PH00473,0,random
PH03573,PH04249,0,hard
PH00923,PH01095,0,random
PH01260,PH01607,0,random
PH02822,PH03290,0,random
PH04374,PH03427,0,random
PH01315,PH02149,0,hard
PH00951,PH02820,0,random
PH00074,PH01375,0,random
PH04076,PH00208,0,random
PH00073,PH04243,0,random
PH00915,PH00741,0,hard
PH02189,PH02378,0,random
PH02623,PH03858,0,random
PH02509,PH03273,0,random
PH03746,PH01735,0,random
PH01224,PH01363,0,hard
PH02723,PH03353,0,random
PH01874,PH03878,0,random
PH01332,PH00399,0,random
PH03808,PH04129,0,random
PH03055,PH00144,0,hard
PH00101,PH03758,0,random
PH02037,PH03593,0,random
PH03694,PH00431,0,random
PH01630,PH03645,0,random
PH03350,PH01482,0,hard
PH02219,PH04050,0,random
PH01953,PH01914,0,random
PH02462,PH02061,0,random
PH00164,PH00571,0,random
PH02662,PH03490,0,hard
PH02040,PH02167,0,random
PH03548,PH00066,0,random
PH00268,PH00524,0,random
PH02334,PH03548,0,random
PH00607,PH02056,0,hard
PH00361,PH00032,0,random
PH02368,PH02233,0,random
PH00873,PH00410,0,random
PH04320,PH04315,0,random
PH01150,PH00640,0,hard
PH02235,PH02922,0,random
PH02777,PH01747,0,random
PH01103,PH02437,0,random
PH01356,PH01514,0,random
PH02879,PH03730,0,hard
PH03400,PH04059,0,random
PH04026,PH01776,0,random
PH03879,PH01637,0,random
PH03899,PH00161,0,random
PH03310,PH02203,0,hard
PH00893,PH01595,0,random
PH00348,PH04270,0,random
PH03296,PH02289,0,random
PH00609,PH01839,0,random
PH03790,PH04223,0,hard
PH01989,PH03559,0,random
PH02880,PH01182,0,random
PH01362,PH03930,0,random
PH02716,PH00505,0,random
PH04287,PH03435,0,hard
PH00321,PH02074,0,random
PH04233,PH01798,0,random
PH02172,PH01108,0,random
PH03625,PH00302,0,random
PH01365,PH01178,0,hard
PH04084,PH01192,0,random
PH01471,PH04427,0,random
PH04061,PH03802,0,random
PH04055,PH01849,0,random
PH01700,PH02595,0,hard
PH03547,PH02572,0,random
PH02214,PH02376,0,random
PH01464,PH03441,0,random
PH02673,PH01879,0,random
PH02536,PH03391,0,hard
PH00644,PH02241,0,random
PH01644,PH01806,0,random
PH00647,PH01641,0,random
PH03095,PH02175,0,random
PH04084,PH02665,0,hard
PH01416,PH03002,0,random
PH02196,PH03059,0,random
PH01250,PH02227,0,random
PH04129,PH03257,0,random
PH04185,PH00155,0,hard
PH01556,PH03861,0,random
PH03337,PH02684,0,random
PH03939,PH02742,0,random
PH00920,PH03497,0,random
PH00645,PH00863,0,hard
PH00670,PH03683,0,random
PH03083,PH00651,0,random
PH01184,PH01213,0,random
PH04024,PH02782,0,random
PH02799,PH00505,0,hard
PH03794,PH03297,0,random
PH02893,PH04302,0,random
PH03985,PH00685,0,random
PH01165,PH03669,0,random
PH01348,PH00076,0,hard
PH02813,PH00438,0,random
PH00298,PH03769,0,random
PH02994,PH02680,0,random
PH00012,PH00890,0,random
PH01960,PH03586,0,hard
PH03918,PH03212,0,random
PH00697,PH02201,0,random
PH01566,PH04359,0,random
PH02191,PH01687,0,random
PH00276,PH01934,0,hard
PH02499,PH04334,0,random
PH04309,PH01132,0,random
PH01662,PH01130,0,random
PH02274,PH02878,0,random
PH01306,PH01910,0,hard
PH04392,PH04099,0,random
PH02331,PH01116,0,random
PH03357,PH03641,0,random
PH04202,PH04288,0,random
PH01634,PH03011,0,hard
PH01514,PH01636,0,random
PH00527,PH02157,0,random
PH03590,PH03042,0,random
PH01727,PH00398,0,random
PH01745,PH03249,0,hard
PH00747,PH03735,0,random
PH00567,PH02854,0,random
PH02529,PH02550,0,random
PH04124,PH00872,0,random
PH02725,PH04221,0,hard
PH00727,PH02749,0,random
PH01333,PH02613,0,random
PH00073,PH01684,0,random
PH02600,PH00481,0,random
PH01248,PH03651,0,hard
PH00726,PH01237,0,random
PH01638,PH03389,0,random
PH01312,PH00699,0,random
PH03337,PH00719,0,random
PH01938,PH01735,0,hard
PH00875,PH03768,0,random
PH00947,PH00316,0,random
PH01547,PH00717,0,random
PH03122,PH00202,0,random
PH02884,PH03095,0,hard
PH03330,PH00240,0,random
PH03015,PH01619,0,random
PH03957,PH04193,0,random
PH00319,PH02269,0,random
PH02783,PH01057,0,hard
PH04383,PH02056,0,random
PH04488,PH03574,0,random
PH00628,PH03479,0,random
PH01916,PH00384,0,random
PH02332,PH01774,0,hard
PH00625,PH00077,0,random
PH03220,PH03635,0,random
PH01328,PH01769,0,random
PH01682,PH04246,0,random
PH03369,PH01627,0,hard
PH03938,PH00478,0,random
PH03022,PH03600,0,random
PH02201,PH01103,0,random
PH02635,PH02372,0,random
PH04329,PH01914,0,hard
PH02538,PH02714,0,random
PH02703,PH00614,0,random
PH02521,PH03538,0,random
PH02257,PH00269,0,random
PH01738,PH03292,0,hard
PH00803,PH02255,0,random
PH00743,PH01205,0,random
PH02527,PH00224,0,random
PH00652,PH02231,0,random
PH03256,PH02064,0,hard
PH03610,PH00215,0,random
PH02887,PH00968,0,random
PH04104,PH01638,0,random
PH01237,PH03567,0,random
PH01830,PH01377,0,hard
PH00262,PH03878,0,random
PH01467,PH01307,0,random
PH04173,PH04178,0,random
PH02573,PH03785,0,random
PH02174,PH04004,0,hard
PH03838,PH00726,0,random
PH00702,PH04042,0,random
PH03557,PH00553,0,random
PH03455,PH01437,0,random
PH01773,PH03497,0,hard
PH01602,PH01567,0,random
PH02273,PH00408,0,random
PH03027,PH03727,0,random
PH00582,PH00436,0,random
PH03289,PH02562,0,hard
PH01006,PH03362,0,random
PH00363,PH02074,0,random
PH00859,PH01705,0,random
PH04494,PH00789,0,random
PH02959,PH02824,0,hard
PH03861,PH02519,0,random
PH04176,PH00366,0,random
PH02249,PH01163,0,random
PH02629,PH01963,0,random
PH02392,PH04045,0,hard
PH01946,PH03470,0,random
PH04077,PH03846,0,random
PH00885,PH00330,0,random
PH03083,PH03874,0,random
PH04009,PH01924,0,hard
PH00755,PH03110,0,random
PH03278,PH04137,0,random
PH03480,PH00845,0,random
PH00280,PH04076,0,random
PH02656,PH03163,0,hard
PH03924,PH03780,0,random
PH02579,PH03243,0,random
PH01823,PH03656,0,random
PH00326,PH01473,0,random
PH01471,PH02783,0,hard
PH01511,PH00682,0,random
PH02835,PH02011,0,random
PH01890,PH02942,0,random
PH02271,PH03541,0,random
PH01147,PH03456,0,hard
PH04458,PH01947,0,random
PH03625,PH01876,0,random
PH00044,PH01851,0,random
PH01399,PH02675,0,random
PH00391,PH00738,0,hard
PH00051,PH03517,0,random
PH03360,PH00644,0,random
PH04407,PH02568,0,random
PH02905,PH03213,0,random
PH02686,PH02789,0,hard
PH03877,PH03445,0,random
PH01189,PH04220,0,random
PH01385,PH02763,0,random
PH04136,PH00720,0,random
PH01768,PH02523,0,hard
PH04071,PH02436,0,random
PH02327,PH01065,0,random
PH00265,PH00721,0,random
PH03083,PH02512,0,random
PH00261,PH01160,0,hard
PH02655,PH03533,0,random
PH03193,PH00156,0,random
PH00224,PH01948,0,random
PH03433,PH00850,0,random
PH00744,PH03672,0,hard
PH01623,PH02555,0,random
PH00030,PH03802,0,random
PH04325,PH02109,0,random
PH02717,PH04231,0,random
PH03165,PH01532,0,hard
PH00751,PH02859,0,random
PH04107,PH00664,0,random
PH02675,PH02541,0,random
PH03526,PH00086,0,random
PH00151,PH01603,0,hard
PH02136,PH00165,0,random
PH01377,PH02132,0,random
PH01006,PH03398,0,random
PH03251,PH02459,0,random
PH02794,PH02759,0,hard
PH02025,PH00744,0,random
PH03981,PH02039,0,random
PH00065,PH00872,0,random
PH02818,PH01517,0,random
PH03915,PH01746,0,hard
PH03246,PH02690,0,random
PH02832,PH03622,0,random
PH00519,PH03475,0,random
PH00328,PH04462,0,random
PH02716,PH01598,0,hard
PH03699,PH00795,0,random
PH00157,PH01256,0,random
PH01211,PH02002,0,random
PH01941,PH00258,0,random
PH00206,PH03483,0,hard
PH00843,PH00452,0,random
PH01811,PH03893,0,random
PH00769,PH02363,0,random
PH04267,PH00935,0,random
PH03582,PH00149,0,hard
PH00539,PH01769,0,random
PH03333,PH02096,0,random
PH03170,PH04353,0,random
PH04422,PH02194,0,random
PH00829,PH04447,0,hard
PH00225,PH00249,0,random
PH00243,PH02684,0,random
PH03926,PH03984,0,random
PH02041,PH00957,0,random
PH03309,PH03498,0,hard
PH01542,PH01663,0,random
PH03797,PH01629,0,random
PH00319,PH02163,0,random
PH01310,PH02478,0,random
PH01828,PH03838,0,hard
PH04153,PH02194,0,random
PH01995,PH02522,0,random
PH02998,PH02339,0,random
PH03499,PH03794,0,random
PH01929,PH02802,0,hard
PH00767,PH01710,0,random
PH03845,PH02558,0,random
PH00861,PH04483,0,random
PH04076,PH03347,0,random
PH02503,PH02391,0,hard
PH03610,PH04212,0,random
PH01462,PH00474,0,random
PH01995,PH01166,0,random
PH03285,PH00138,0,random
PH02322,PH02922,0,hard
PH00771,PH03933,0,random
PH00282,PH00635,0,random
PH03931,PH02414,0,random
PH01803,PH03227,0,random
PH01431,PH04477,0,hard
PH02511,PH02273,0,random
PH01694,PH04045,0,random
PH03898,PH04242,0,random
PH01972,PH01222,0,random
PH02089,PH03279,0,hard
PH01965,PH01712,0,random
PH03286,PH04496,0,random
PH04260,PH00723,0,random
PH02155,PH02401,0,random
PH02106,PH03552,0,hard
PH04341,PH04436,0,random
PH00641,PH04435,0,random
PH01277,PH02551,0,random
PH02706,PH02454,0,random
PH00720,PH02461,0,hard
PH03288,PH02497,0,random
PH03082,PH02225,0,random
PH00261,PH04054,0,random
PH02397,PH04187,0,random
PH01745,PH00736,0,hard
PH03337,PH04131,0,random
PH04049,PH01533,0,random
PH01029,PH03295,0,random
PH04035,PH03362,0,random
PH03808,PH01530,0,hard
PH02360,PH02882,0,random
PH02594,PH03387,0,random
PH03709,PH04472,0,random
PH04116,PH03169,0,random
PH04250,PH03571,0,hard
PH04016,PH00021,0,random
PH00256,PH03154,0,random
PH01992,PH01170,0,random
PH04378,PH00783,0,random
PH01610,PH04007,0,hard
PH02397,PH00649,0,random
PH03967,PH01946,0,random
PH02281,PH03569,0,random
PH01629,PH02597,0,random
PH03895,PH03174,0,hard
PH02593,PH03208,0,random
PH00455,PH01965,0,random
PH01078,PH02080,0,random
PH01075,PH01361,0,random
PH01190,PH01143,0,hard
PH02611,PH01094,0,random
PH02801,PH04008,0,random
PH03635,PH00965,0,random
PH01286,PH00110,0,random
PH00373,PH04068,0,hard
PH02487,PH02248,0,random
PH01778,PH03026,0,random
PH01949,PH01973,0,random
PH03786,PH03206,0,random
PH02709,PH01919,0,hard
PH00654,PH00997,0,random
PH03939,PH00169,0,random
PH00603,PH03252,0,random
PH00757,PH00145,0,random
PH01868,PH00727,0,hard
PH04342,PH00663,0,random
PH03831,PH00446,0,random
PH03247,PH02870,0,random
PH00711,PH01440,0,random
PH01820,PH04072,0,hard
PH01427,PH04364,0,random
PH03257,PH00580,0,random
PH00653,PH00982,0,random
PH00629,PH03787,0,random
PH02411,PH02832,0,hard
PH00497,PH03072,0,random
PH04306,PH01398,0,random
PH04356,PH01352,0,random
PH04191,PH02654,0,random
PH02006,PH03619,0,hard
PH01341,PH00860,0,random
PH03444,PH01805,0,random
PH00432,PH01234,0,random
PH03636,PH03191,0,random
PH01037,PH00843,0,hard
PH02902,PH01336,0,random
PH00984,PH00233,0,random
PH01522,PH01352,0,random
PH00052,PH02249,0,random
PH03303,PH01320,0,hard
PH00130,PH01899,0,random
PH01583,PH01283,0,random
PH02639,PH02211,0,random
PH01748,PH03431,0,random
PH04346,PH02725,0,hard
PH03405,PH01243,0,random
PH00375,PH01552,0,random
PH00453,PH01092,0,random
PH02990,PH02670,0,random
PH00576,PH00149,0,hard
PH00692,PH03791,0,random
PH02047,PH00589,0,random
PH00506,PH02962,0,random
PH00982,PH01099,0,random
PH03140,PH02641,0,hard
PH00713,PH00054,0,random
PH00855,PH00927,0,random
PH02150,PH00706,0,random
PH01189,PH03209,0,random
PH03868,PH02024,0,hard
PH04317,PH01472,0,random
PH04138,PH01008,0,random
PH03477,PH02654,0,random
PH04337,PH03059,0,random
PH01167,PH01455,0,hard
PH00812,PH01149,0,random
PH00450,PH01611,0,random
PH01150,PH00739,0,random
PH04291,PH01330,0,random
PH00182,PH03435,0,hard
PH01544,PH01378,0,random
PH03355,PH01198,0,random
PH01874,PH04467,0,random
PH03231,PH04158,0,random
PH03799,PH02668,0,hard
PH03402,PH01503,0,random
PH00800,PH03648,0,random
PH02051,PH02305,0,random
PH01588,PH03967,0,random
PH03534,PH00150,0,hard
PH00387,PH00103,0,random
PH02809,PH03676,0,random
PH00135,PH03222,0,random
PH04200,PH01815,0,random
PH02378,PH03061,0,hard
PH00391,PH01862,0,random
PH00502,PH02074,0,random
PH01655,PH02303,0,random
PH00646,PH03781,0,random
PH02378,PH03422,0,hard
PH00928,PH00633,0,random
PH00187,PH01726,0,random
PH01620,PH04375,0,random
PH01472,PH03543,0,random
PH00047,PH00884,0,hard
PH02124,PH03626,0,random
PH01787,PH00694,0,random
PH02545,PH02378,0,random
PH02428,PH00481,0,random
PH04420,PH01107,0,hard
PH00606,PH01782,0,random
PH02010,PH01399,0,random
PH04455,PH01362,0,random
PH03653,PH01780,0,random
PH03633,PH02937,0,hard
PH01223,PH00837,0,random
PH01865,PH02674,0,random
PH00297,PH01807,0,random
PH02597,PH02638,0,random
PH00400,PH03106,0,hard
PH01237,PH02096,0,random
PH00387,PH02931,0,random
PH01939,PH00243,0,random
PH00267,PH04358,0,random
PH00037,PH01064,0,hard
PH03923,PH02508,0,random
PH01243,PH02194,0,random
PH00731,PH00126,0,random
PH03592,PH02966,0,random
PH03418,PH00334,0,hard
PH00394,PH00967,0,random
PH01092,PH02275,0,random
PH01321,PH01316,0,random
PH03486,PH00214,0,random
PH02863,PH00499,0,hard
PH04490,PH01873,0,random
PH01065,PH00043,0,random
PH01446,PH02210,0,random
PH00930,PH00482,0,random
PH03815,PH01890,0,hard
PH02255,PH02373,0,random
PH02482,PH01849,0,random
PH03026,PH03923,0,random
PH00779,PH01226,0,random
PH03115,PH01039,0,hard
PH01296,PH03939,0,random
PH00009,PH01716,0,random
PH00567,PH03927,0,random
PH01908,PH00975,0,random
PH02325,PH00973,0,hard
PH03515,PH01948,0,random
PH00783,PH03602,0,random
PH00995,PH02546,0,random
PH03385,PH00324,0,random
PH04277,PH02892,0,hard
PH01639,PH01939,0,random
PH00426,PH03227,0,random
PH01581,PH02572,0,random
PH04396,PH01292,0,random
PH02379,PH01403,0,hard
PH01960,PH01933,0,random
PH01322,PH01920,0,random
PH04004,PH02468,0,random
PH03157,PH02792,0,random
PH00251,PH03602,0,hard
PH00252,PH00294,0,random
PH03717,PH00705,0,random
PH01916,PH04418,0,random
PH02523,PH00181,0,random
PH03030,PH02170,0,hard
PH00755,PH00302,0,random
PH01967,PH02083,0,random
PH00456,PH04496,0,random
PH04336,PH01092,0,random
PH00975,PH01330,0,hard
PH00369,PH00554,0,random
PH01853,PH00859,0,random
PH04293,PH03779,0,random
PH04082,PH02404,0,random
PH03770,PH01908,0,hard
PH03780,PH02565,0,random
PH01617,PH01715,0,random
PH03155,PH03536,0,random
PH02930,PH02586,0,random
PH04206,PH03543,0,hard
PH04131,PH02327,0,random
PH04191,PH00197,0,random
PH01382,PH04148,0,random
PH00035,PH01708,0,random
PH00879,PH02188,0,hard
PH01703,PH00065,0,random
PH03654,PH00668,0,random
PH02375,PH02560,0,random
PH01558,PH02139,0,random
PH03798,PH01877,0,hard
PH02835,PH00008,0,random
PH04412,PH03484,0,random
PH02143,PH04438,0,random
PH03736,PH02047,0,random
PH03579,PH01404,0,hard
PH00196,PH03340,0,random
PH03991,PH02376,0,random
PH04025,PH01143,0,random
PH02840,PH03261,0,random
PH02043,PH00145,0,hard
PH04402,PH03935,0,random
PH02966,PH02507,0,random
PH02532,PH01269,0,random
PH00919,PH01743,0,random
PH03809,PH00407,0,hard
PH01752,PH02291,0,random
PH04022,PH02834,0,random
PH02983,PH02444,0,random
PH01971,PH04262,0,random
PH02614,PH00925,0,hard
PH00101,PH01269,0,random
PH01386,PH01089,0,random
PH04344,PH00958,0,random
PH02584,PH01323,0,random
PH04125,PH04005,0,hard
PH00382,PH03199,0,random
PH02364,PH04371,0,random
PH02916,PH01936,0,random
PH01621,PH03602,0,random
PH02098,PH02954,0,hard
PH03643,PH02220,0,random
PH01830,PH00659,0,random
PH00883,PH04138,0,random
PH00539,PH00887,0,random
PH03571,PH00219,0,hard
PH02466,PH00837,0,random
PH01514,PH01240,0,random
PH00664,PH01072,0,random
PH01046,PH01282,0,random
PH04255,PH03780,0,hard
PH03594,PH02553,0,random
PH01504,PH03908,0,random
PH00118,PH00662,0,random
PH02943,PH03595,0,random
PH03875,PH02974,0,hard
PH01523,PH02885,0,random
PH00787,PH04313,0,random
PH00200,PH00216,0,random
PH02405,PH02450,0,random
PH03580,PH01287,0,hard
PH02302,PH00494,0,random
PH02459,PH01969,0,random
PH01733,PH02181,0,random
PH02379,PH03752,0,random
PH01817,PH03146,0,hard
PH00079,PH03446,0,random
PH01736,PH02843,0,random
PH01556,PH00950,0,random
PH03713,PH03461,0,random
PH03785,PH01884,0,hard
PH00728,PH02382,0,random
PH00991,PH03042,0,random
PH02762,PH04306,0,random
PH00059,PH00223,0,random
PH02643,PH04151,0,hard
PH00258,PH04484,0,random
PH01289,PH03003,0,random
PH00761,PH01507,0,random
PH01953,PH00652,0,random
PH04341,PH03743,0,hard
PH04190,PH03390,0,random
PH01381,PH00858,0,random
PH03874,PH00719,0,random
PH00203,PH03392,0,random
PH00852,PH00619,0,hard
PH01659,PH01556,0,random
PH04182,PH03030,0,random
PH02483,PH03784,0,random
PH03275,PH03499,0,random
PH04057,PH00725,0,hard
PH03710,PH03338,0,random
PH01265,PH03913,0,random
PH03467,PH01283,0,random
PH01080,PH02121,0,random
PH03685,PH02203,0,hard
PH03934,PH02002,0,random
PH03061,PH03770,0,random
PH01980,PH03740,0,random
PH00509,PH00859,0,random
PH02447,PH03832,0,hard
PH01167,PH02789,0,random
PH02759,PH02407,0,random
PH02705,PH03749,0,random
PH02821,PH01397,0,random
PH04110,PH00557,0,hard
PH02592,PH01944,0,random
PH03120,PH01005,0,random
PH00840,PH00118,0,random
PH04492,PH00064,0,random
PH04212,PH02680,0,hard
PH00412,PH00849,0,random
PH00987,PH04012,0,random
PH02615,PH01478,0,random
PH02652,PH02101,0,random
PH03349,PH03876,0,hard
PH01824,PH01953,0,random
PH01126,PH03816,0,random
PH03988,PH00833,0,random
PH04288,PH01424,0,random
PH03186,PH02560,0,hard
PH00699,PH02297,0,random
PH03056,PH01044,0,random
PH01067,PH00308,0,random
PH03918,PH03053,0,random
PH00548,PH00127,0,hard
PH00830,PH02094,0,random
PH00488,PH00882,0,random
PH01285,PH03567,0,random
PH00375,PH01665,0,random
PH00359,PH02134,0,hard
PH03803,PH03198,0,random
PH02610,PH02104,0,random
PH02800,PH01021,0,random
PH04393,PH04297,0,random
PH01970,PH00405,0,hard
PH00366,PH04163,0,random
PH02709,PH01841,0,random
PH03437,PH04456,0,random
PH02584,PH01322,0,random
PH03798,PH01113,0,hard
PH03899,PH04234,0,random
PH00912,PH03165,0,random
PH01273,PH01408,0,random
PH02084,PH00604,0,random
PH02415,PH03602,0,hard
PH02475,PH02198,0,random
PH03301,PH02539,0,random
PH00220,PH03347,0,random
PH03772,PH02874,0,random
PH00650,PH01448,0,hard
PH02511,PH03107,0,random
PH04248,PH03915,0,random
PH03442,PH01606,0,random
PH00032,PH03521,0,random
PH03196,PH04241,0,hard
PH03174,PH00687,0,random
PH00240,PH04453,0,random
PH04246,PH03708,0,random
PH01323,PH03387,0,random
PH02550,PH02593,0,hard
PH03645,PH02618,0,random
PH01260,PH03220,0,random
PH04060,PH02062,0,random
PH01530,PH01743,0,random
PH02731,PH01488,0,hard
PH04223,PH04012,0,random
PH00356,PH00674,0,random
PH02212,PH02179,0,random
PH00498,PH04131,0,random
PH03087,PH02663,0,hard
PH02346,PH00176,0,random
PH02788,PH01227,0,random
PH02416,PH01616,0,random
PH02766,PH02628,0,random
PH03928,PH03907,0,hard
PH03026,PH03137,0,random
PH02949,PH03412,0,random
PH02912,PH00037,0,random
PH03721,PH03661,0,random
PH01292,PH02004,0,hard
PH01392,PH02466,0,random
PH04175,PH01703,0,random
PH00733,PH02535,0,random
PH00590,PH03111,0,random
PH01577,PH04144,0,hard
PH03898,PH01909,0,random
PH01848,PH02160,0,random
PH04107,PH02161,0,random
PH04336,PH04140,0,random
PH02606,PH04085,0,hard
PH01862,PH02369,0,random
PH04021,PH03636,0,random
PH02545,PH00787,0,random
PH01313,PH01012,0,random
PH03072,PH00605,0,hard
PH03883,PH00581,0,random
PH03206,PH03683,0,random
PH01976,PH02702,0,random
PH04334,PH03060,0,random
PH00617,PH01978,0,hard
PH00362,PH03020,0,random
PH00755,PH03562,0,random
PH02144,PH00985,0,random
PH03888,PH01398,0,random
PH00681,PH01031,0,hard
PH03698,PH02368,0,random
PH01692,PH03245,0,random
PH02380,PH02827,0,random
PH01305,PH00160,0,random
PH03285,PH01949,0,hard
PH00941,PH00989,0,random
PH00263,PH03210,0,random
PH03538,PH02026,0,random
PH00464,PH01089,0,random
PH03818,PH04427,0,hard
PH03005,PH01204,0,random
PH03898,PH03738,0,random
PH03089,PH03539,0,random
PH00752,PH01953,0,random
PH02052,PH03105,0,hard
PH03947,PH02419,0,random
PH03848,PH03981,0,random
PH01033,PH04229,0,random
PH02774,PH00316,0,random
PH00196,PH04396,0,hard
PH02984,PH03941,0,random
PH00122,PH01755,0,random
PH00438,PH02723,0,random
PH01375,PH02714,0,random
PH00367,PH01619,0,hard
PH01870,PH03745,0,random
PH01166,PH02674,0,random
PH00059,PH00143,0,random
PH01607,PH00315,0,random
PH01833,PH01763,0,hard
PH02083,PH00460,0,random
PH01499,PH04443,0,random
PH02885,PH01003,0,random
PH04078,PH00132,0,random
PH03779,PH00147,0,hard
PH00840,PH03252,0,random
PH03781,PH03638,0,random
PH02465,PH02685,0,random
PH03873,PH00117,0,random
PH00320,PH00006,0,hard
PH01973,PH04428,0,random
PH01310,PH01283,0,random
PH01041,PH00552,0,random
PH03315,PH04027,0,random
PH03838,PH01007,0,hard
PH00545,PH03185,0,random
PH03166,PH02891,0,random
PH03677,PH00267,0,random
PH03220,PH02479,0,random
PH01241,PH03820,0,hard
PH03139,PH01993,0,random
PH01297,PH00651,0,random
PH00319,PH03057,0,random
PH01980,PH03481,0,random
PH04278,PH00795,0,hard
PH02785,PH03253,0,random
PH01441,PH01265,0,random
PH02601,PH02475,0,random
PH01964,PH01135,0,random
PH03157,PH00650,0,hard
PH01703,PH02571,0,random
PH04429,PH00849,0,random
PH00982,PH03977,0,random
PH00440,PH00019,0,random
PH03446,PH02979,0,hard
PH03664,PH00859,0,random
PH02398,PH04474,0,random
PH02677,PH03160,0,random
PH01743,PH01846,0,random
PH00642,PH03147,0,hard
PH00205,PH02923,0,random
PH02972,PH03688,0,random
PH03569,PH03517,0,random
PH02322,PH01499,0,random
PH01523,PH00860,0,hard
PH04193,PH01937,0,random
PH02702,PH03142,0,random
PH01935,PH02694,0,random
PH01070,PH02420,0,random
PH03428,PH04288,0,hard
PH01258,PH04455,0,random
PH02417,PH04317,0,random
PH03206,PH01364,0,random
PH02112,PH03891,0,random
PH00918,PH00215,0,hard
PH00773,PH01559,0,random
PH03335,PH01162,0,random
PH00862,PH02121,0,random
PH04034,PH01672,0,random
PH00103,PH01532,0,hard
PH00968,PH02743,0,random
PH03508,PH02151,0,random
PH01731,PH03183,0,random
PH02608,PH01580,0,random
PH04423,PH00562,0,hard
PH03066,PH03916,0,random
PH02388,PH03345,0,random
PH02739,PH00969,0,random
PH01342,PH02810,0,random
PH03220,PH02275,0,hard
PH03439,PH00945,0,random
PH01825,PH00337,0,random
PH00729,PH04115,0,random
PH03064,PH00807,0,random
PH03138,PH02303,0,hard
PH02867,PH01083,0,random
PH02881,PH00387,0,random
PH03326,PH01364,0,random
PH00181,PH01886,0,random
PH01695,PH02719,0,hard
PH02455,PH00800,0,random
PH02668,PH00798,0,random
PH04120,PH00204,0,random
PH04012,PH01123,0,random
PH04422,PH00895,0,hard
PH03808,PH01650,0,random
PH00599,PH04484,0,random
PH03533,PH04295,0,random
PH02920,PH04419,0,random
PH01300,PH01432,0,hard
PH03258,PH03982,0,random
PH02371,PH01659,0,random
PH03339,PH01122,0,random
PH01523,PH03691,0,random
PH00142,PH01241,0,hard
PH00932,PH01689,0,random
PH04286,PH03067,0,random
PH01074,PH00002,0,random
PH01577,PH03369,0,random
PH03634,PH00717,0,hard
PH03112,PH00758,0,random
PH02334,PH04307,0,random
PH03460,PH04407,0,random
PH03293,PH00810,0,random
PH02501,PH02182,0,hard
PH01939,PH03584,0,random
PH02015,PH04200,0,random
PH00295,PH01743,0,random
PH01860,PH02519,0,random
PH03781,PH01916,0,hard
PH00305,PH01488,0,random
PH00969,PH03845,0,random
PH02348,PH04436,0,random
PH03464,PH02920,0,random
PH01938,PH04249,0,hard
PH02920,PH03914,0,random
PH03477,PH00962,0,random
PH03850,PH02813,0,random
PH04278,PH03513,0,random
PH02224,PH02539,0,hard
PH00929,PH01724,0,random
PH02302,PH02001,0,random
PH02197,PH00031,0,random
PH02190,PH02847,0,random
PH02657,PH04371,0,hard
PH03736,PH03022,0,random
PH03334,PH04078,0,random
PH04108,PH02320,0,random
PH01758,PH00006,0,random
PH00975,PH03764,0,hard
PH00028,PH00398,0,random
PH01733,PH03641,0,random
PH02636,PH01733,0,random
PH00254,PH04155,0,random
PH04103,PH00007,0,hard
PH03082,PH02805,0,random
PH04208,PH01126,0,random
PH04049,PH01161,0,random
PH01811,PH03360,0,random
PH03254,PH01308,0,hard
PH01841,PH04228,0,random
PH00332,PH02061,0,random
PH02764,PH02939,0,random
PH04270,PH00260,0,random
PH00673,PH02754,0,hard
PH04351,PH02313,0,random
PH01397,PH03533,0,random
PH02852,PH03006,0,random
PH02071,PH03272,0,random
PH02272,PH03696,0,hard
PH00387,PH01974,0,random
PH01246,PH01949,0,random
PH02303,PH00105,0,random
PH03358,PH01779,0,random
PH03286,PH04457,0,hard
PH00907,PH00333,0,random
PH04159,PH02167,0,random
PH01735,PH02972,0,random
PH02510,PH03804,0,random
PH03386,PH02298,0,hard
PH01188,PH00909,0,random
PH00256,PH00741,0,random
PH00483,PH00355,0,random
PH00148,PH02685,0,random
PH01631,PH04286,0,hard
PH02444,PH01799,0,random
PH04489,PH03465,0,random
PH03299,PH03936,0,random
PH01256,PH02582,0,random
PH02274,PH03653,0,hard
PH02181,PH01399,0,random
PH01831,PH01728,0,random
PH02004,PH04430,0,random
PH02729,PH02923,0,random
PH04346,PH01049,0,hard
PH00300,PH01479,0,random
PH01919,PH02575,0,random
PH02200,PH03140,0,random
PH04135,PH01629,0,random
PH01511,PH01549,0,hard
PH03152,PH03425,0,random
PH01509,PH02190,0,random
PH01049,PH01780,0,random
PH02311,PH00198,0,random
PH03751,PH00148,0,hard
PH04073,PH01919,0,random
PH01421,PH01416,0,random
PH02917,PH02942,0,random
PH03370,PH01706,0,random
PH00074,PH01972,0,hard
PH00855,PH01454,0,random
PH00067,PH00404,0,random
PH03154,PH02746,0,random
PH03941,PH03119,0,random
PH02403,PH02743,0,hard
PH03131,PH01955,0,random
PH01667,PH01163,0,random
PH01767,PH03811,0,random
PH02731,PH00649,0,random
PH01502,PH03838,0,hard
PH02250,PH02580,0,random
PH02683,PH01917,0,random
PH03407,PH02389,0,random
PH01483,PH00196,0,random
PH03072,PH00677,0,hard
PH03263,PH00778,0,random
PH02364,PH03802,0,random
PH01979,PH03190,0,random
PH03130,PH02603,0,random
PH00032,PH04189,0,hard
PH03986,PH03433,0,random
PH03727,PH01920,0,random
PH03911,PH03099,0,random
PH00370,PH00851,0,random
PH03943,PH03864,0,hard
PH03451,PH00515,0,random
PH01319,PH04185,0,random
PH03614,PH03334,0,random
PH03062,PH02265,0,random
PH02139,PH01553,0,hard
PH02612,PH01499,0,random
PH01678,PH02366,0,random
PH01919,PH00065,0,random
PH03891,PH04022,0,random
PH02241,PH01403,0,hard
PH02389,PH02866,0,random
PH02305,PH04303,0,random
PH03519,PH04360,0,random
PH04292,PH02616,0,random
PH02513,PH02705,0,hard
PH03241,PH03572,0,random
PH02196,PH00889,0,random
PH04175,PH02514,0,random
PH03274,PH01967,0,random
PH02971,PH03934,0,hard
PH02425,PH04370,0,random
PH03090,PH04489,0,random
PH03420,PH04002,0,random
PH03468,PH00921,0,random
PH03256,PH01945,0,hard
PH02065,PH01595,0,random
PH03877,PH01947,0,random
PH00501,PH02946,0,random
PH00642,PH02549,0,random
PH01776,PH03508,0,hard
PH00886,PH03618,0,random
PH02540,PH01419,0,random
PH02678,PH00429,0,random
PH00651,PH01974,0,random
PH04204,PH00015,0,hard
PH03653,PH03214,0,random
PH01488,PH04418,0,random
PH03118,PH00306,0,random
PH02127,PH00671,0,random
PH02217,PH01437,0,hard
PH00025,PH03844,0,random
PH03445,PH03518,0,random
PH02669,PH02022,0,random
PH03380,PH00315,0,random
PH03568,PH03874,0,hard
PH02656,PH04228,0,random
PH04068,PH04386,0,random
PH02413,PH03690,0,random
PH01436,PH02052,0,random
PH00135,PH02529,0,hard
PH03536,PH03166,0,random
PH04494,PH00609,0,random
PH03923,PH02386,0,random
PH04481,PH03750,0,random
PH03889,PH00747,0,hard
PH00729,PH02674,0,random
PH01423,PH00024,0,random
PH00515,PH01991,0,random
PH02186,PH00658,0,random
PH02686,PH04050,0,hard
PH04202,PH03155,0,random
PH00401,PH00657,0,random
PH01489,PH02211,0,random
PH01456,PH04048,0,random
PH03677,PH00054,0,hard
PH00105,PH00593,0,random
PH01808,PH00760,0,random
PH02080,PH01436,0,random
PH00611,PH00877,0,random
PH02139,PH02527,0,hard
PH01901,PH02232,0,random
PH04242,PH01625,0,random
PH01574,PH01251,0,random
PH01903,PH00047,0,random
PH00792,PH03771,0,hard
PH01410,PH03737,0,random
PH03767,PH01102,0,random
PH01076,PH04445,0,random
PH04282,PH02231,0,random
PH00093,PH00795,0,hard
PH00732,PH02538,0,random
PH03275,PH02709,0,random
PH02272,PH00238,0,random
PH02757,PH04266,0,random
PH01193,PH02395,0,hard
PH03599,PH04193,0,random
PH00712,PH01154,0,random
PH04136,PH00657,0,random
PH00821,PH02059,0,random
PH02752,PH01958,0,hard
PH02248,PH01703,0,random
PH02061,PH02316,0,random
PH03052,PH03075,0,random
PH00619,PH04440,0,random
PH00532,PH03794,0,hard
PH03378,PH01110,0,random
PH03319,PH02003,0,random
PH03133,PH01506,0,random
PH01989,PH02384,0,random
PH02835,PH01666,0,hard
PH04257,PH00091,0,random
PH00043,PH02299,0,random
PH04352,PH01072,0,random
PH01120,PH03815,0,random
PH04217,PH01171,0,hard
PH02320,PH02412,0,random
PH00972,PH02651,0,random
PH02604,PH03315,0,random
PH03477,PH02916,0,random
PH00875,PH04224,0,hard
PH00770,PH02624,0,random
PH00282,PH00052,0,random
PH04474,PH02156,0,random
PH03503,PH01001,0,random
PH03905,PH03051,0,hard
PH03906,PH00077,0,random
PH01182,PH02810,0,random
PH01465,PH00059,0,random
PH03859,PH00477,0,random
