source_account_id,target_account_id,label
A01169,A01294,1
A00382,A00688,1
A00291,A00826,1
A01097,A00337,1
A00637,A00903,1
A00591,A01255,1
A00763,A01083,1
A01068,A00832,1
A00884,A00507,1
A00078,A01238,1
A00322,A00795,1
A01182,A00222,1
A00067,A00503,1
A00026,A00027,1
A00565,A00272,1
A00195,A01261,1
A00075,A00455,1
A00877,A00867,1
A00597,A00754,1
A00983,A01017,1
A00778,A00234,1
A00281,A00351,1
A01181,A00461,1
A00824,A00182,1
A00820,A00555,1
A00758,A00602,1
A00233,A00556,1
A00150,A01114,1
A00572,A00757,1
A00772,A00631,1
A00812,A00480,1
A00393,A00927,1
A00142,A01204,1
A00203,A00777,1
A00942,A01115,1
A00463,A00487,1
A00536,A01249,1
A00723,A01065,1
A00860,A00901,1
A01017,A00721,1
A00580,A00882,1
A00923,A01059,1
A00422,A00011,1
A00171,A00270,1
A01179,A00154,1
A00394,A00022,1
A00239,A00898,1
A00003,A00013,1
A00169,A01290,1
A01297,A00852,1
A00909,A01292,1
A00204,A00544,1
A00950,A00022,1
A00691,A01205,1
A01176,A00138,1
A01297,A00800,1
A00995,A00919,1
A01277,A00477,1
A01026,A00339,1
A01076,A00038,1
A00124,A00165,1
A00184,A00817,1
A01088,A00372,1
A00798,A00111,1
A01149,A00953,1
A00876,A00351,1
A00058,A00772,1
A00020,A00027,1
A00841,A00832,1
A00306,A00954,1
A00330,A01099,1
A00644,A00172,1
A01162,A00230,1
A00902,A00796,1
A01135,A00404,1
A00814,A01242,1
A00407,A01279,1
A00573,A00926,1
A00498,A00317,1
A00904,A00598,1
A01046,A00413,1
A00777,A00161,1
A00349,A01215,1
A00825,A00134,1
A00250,A01068,1
A00996,A00657,1
A00021,A00027,1
A00988,A00888,1
A01226,A00266,1
A01009,A01229,1
A00301,A00991,1
A00116,A00803,1
A00184,A00881,1
A00440,A00380,1
A01036,A01049,1
A00643,A00001,1
A00357,A00218,1
A00600,A01179,1
A00127,A01227,1
A00641,A00149,1
A00281,A00343,1
A00265,A01043,1
A01029,A00171,1
A00400,A00722,1
A00511,A00308,1
A01197,A01003,1
A00375,A00259,1
A01279,A01153,1
A00644,A00705,1
A00175,A00283,1
A01186,A00178,1
A00797,A01093,1
A00425,A00517,1
A00440,A00952,1
A00042,A00301,1
A00530,A01003,1
A01211,A00487,1
A00775,A00631,1
A00952,A00849,1
A00439,A00209,1
A01141,A00599,1
A01177,A00192,1
A00302,A01218,1
A01105,A00183,1
A00540,A00911,1
A00054,A00411,1
A00890,A01192,1
A00653,A00591,1
A00688,A01081,1
A00288,A01268,1
A00527,A00900,1
A00879,A00980,1
A00013,A01253,1
A00515,A01121,1
A00482,A00937,1
A00541,A00612,1
A00416,A00239,1
A00440,A00692,1
A00290,A00137,1
A00151,A00517,1
A01243,A00003,1
A00945,A00450,1
A00221,A00072,1
A00657,A00685,1
A00345,A00166,1
A00089,A00148,1
A00001,A00093,1
A01117,A00601,1
A01049,A01016,1
A00213,A00958,1
A00359,A00010,1
A00942,A00191,1
A00820,A00630,1
A01024,A00751,1
A00540,A01034,1
A00390,A00296,1
A01131,A01022,1
A00817,A00196,1
A00135,A01131,1
A01246,A00926,1
A00029,A00741,1
A01147,A00891,1
A01299,A00310,1
A01029,A00178,1
A01219,A00782,1
A00162,A00239,1
A00784,A00748,1
A01167,A00712,1
A00618,A00547,1
A00946,A00235,1
A00512,A00397,1
A00246,A00035,1
A00503,A00662,1
A01109,A00579,1
A00508,A00658,1
A00177,A00927,1
A00100,A00579,1
A00493,A00223,1
A00318,A00574,1
A00190,A00066,1
A00324,A00380,1
A01141,A00196,1
A00551,A00100,1
A00986,A01074,1
A00910,A00323,1
A01277,A01236,1
A00800,A00045,1
A01124,A00571,1
A00851,A01286,1
A00321,A00157,1
A00289,A00209,1
A00211,A00622,1
A01182,A01270,1
A00309,A01281,1
A00230,A01183,1
A00330,A00081,1
A01287,A00343,1
A00718,A00836,1
A00662,A01279,1
A00156,A01293,1
A00249,A00571,1
A01022,A00697,1
A01108,A00409,1
A01061,A00037,1
A01120,A00561,1
A00766,A01176,1
A00072,A00896,1
A00585,A00844,1
A00663,A01049,1
A01219,A00921,1
A00456,A00762,1
A00174,A00974,1
A00547,A01051,1
A01129,A00405,1
A00470,A00680,1
A01065,A00651,1
A00053,A00054,1
A00489,A00099,1
A00771,A00753,1
A00319,A00465,1
A00788,A00124,1
A00285,A00121,1
A01048,A00377,1
A00435,A00963,1
A00229,A00551,1
A01118,A00675,1
A00432,A01210,1
A00200,A00175,1
A01192,A00951,1
A00135,A00162,1
A00833,A00053,1
A00296,A00982,1
A00280,A00860,1
A00853,A00047,1
A01248,A00499,1
A00375,A00085,1
A00496,A00224,1
A00237,A01240,1
A00208,A01227,1
A00925,A00371,1
A00634,A00421,1
A01139,A00775,1
A00379,A00446,1
A00322,A01295,1
A00520,A00942,1
A00056,A00064,1
A01044,A00199,1
A00713,A00891,1
A01096,A00649,1
A00562,A00889,1
A00938,A00529,1
A00670,A00621,1
A00780,A01104,1
A00245,A01054,1
A00784,A01174,1
A00969,A01196,1
A00080,A01071,1
A01071,A00162,1
A01083,A00225,1
A00301,A00182,1
A00626,A00887,1
A00168,A01030,1
A00567,A01165,1
A00829,A00223,1
A00166,A00357,1
A00169,A00195,1
A00948,A00727,1
A00191,A00893,1
A00204,A00292,1
A00102,A00437,1
A01113,A00039,1
A00695,A01111,1
A00763,A01274,1
A00171,A00550,1
A01242,A00514,1
A01280,A00138,1
A00259,A01208,1
A00509,A00889,1
A00074,A00120,1
A00641,A00228,1
A00455,A00060,1
A00767,A00033,1
A00570,A00787,1
A00459,A01014,1
A00107,A00295,1
A01054,A00337,1
A00423,A01163,1
A01219,A00161,1
A00551,A00396,1
A00745,A00797,1
A00281,A00562,1
A00242,A01090,1
A01058,A00117,1
A00431,A01087,1
A01175,A00450,1
A01185,A01094,1
A00258,A00161,1
A01298,A00385,1
A00323,A01211,1
A00030,A00904,1
A00640,A00735,1
A01088,A01257,1
A01011,A00552,1
A00245,A01224,1
A01089,A00457,1
A00726,A00999,1
A01197,A01297,1
A00643,A01229,1
A00808,A01175,1
A01228,A00382,1
A01062,A00237,1
A01111,A00504,1
A00336,A00422,1
A00556,A00693,1
A00766,A00712,1
A00403,A00185,1
A00815,A00060,1
A00065,A01211,1
A00116,A01070,1
A00716,A00152,1
A01232,A01085,1
A00395,A00320,1
A00011,A01115,1
A01292,A00078,1
A00977,A00282,1
A00036,A01074,1
A00085,A00171,1
A00883,A00299,1
A00152,A00160,1
A01062,A00524,1
A01103,A01279,1
A00904,A01062,1
A00115,A00580,1
A00458,A00533,1
A00787,A00322,1
A01133,A00692,1
A00893,A01288,1
A00452,A00632,1
A00677,A00148,1
A00781,A00999,1
A00374,A00107,1
A00141,A00349,1
A00058,A00064,1
A00885,A01266,1
A00586,A00411,1
A00441,A00637,1
A01203,A00016,1
A00652,A00567,1
A00786,A00694,1
A00006,A00464,1
A00113,A00960,1
A00502,A01159,1
A00383,A00413,1
A00502,A00722,1
A01233,A00931,1
A00374,A00346,1
A01079,A00465,1
A00899,A00421,1
A01055,A00646,1
A00397,A00301,1
A00317,A00627,1
A00029,A01156,1
A00698,A00957,1
A01073,A00168,1
A00699,A00207,1
A00677,A00546,1
A00183,A00150,1
A00678,A00860,1
A00406,A01176,1
A00658,A00670,1
A00232,A00364,1
A01048,A00118,1
A00103,A00681,1
A00216,A00518,1
A00335,A00337,1
A01018,A00107,1
A01243,A00042,1
A01216,A00174,1
A00408,A00987,1
A00206,A00902,1
A01249,A01234,1
A00008,A00671,1
A00627,A00778,1
A01100,A00691,1
A00717,A00254,1
A00290,A00812,1
A00817,A00687,1
A00262,A00416,1
A00302,A00303,1
A00139,A01227,1
A00480,A01224,1
A00572,A01061,1
A00373,A00681,1
A01072,A00195,1
A00986,A01049,1
A00381,A00928,1
A00621,A00111,1
A00871,A00268,1
A00433,A00515,1
A00178,A00467,1
A00122,A00581,1
A01033,A00632,1
A00877,A00278,1
A00894,A00541,1
A00460,A00163,1
A00419,A01021,1
A00170,A00857,1
A01128,A00624,1
A00599,A01020,1
A00692,A01020,1
A00485,A00636,1
A00049,A01250,1
A00415,A00381,1
A00373,A00716,1
A01045,A00452,1
A00250,A00587,1
A00849,A00221,1
A00288,A01223,1
A00167,A00793,1
A00861,A00240,1
A00826,A00320,1
A00434,A00246,1
A01249,A00253,1
A00471,A00087,1
A00282,A00045,1
A00404,A00548,1
A00432,A00541,1
A01193,A00362,1
A00336,A00828,1
A01226,A00400,1
A00721,A00773,1
A00294,A00346,1
A00341,A00154,1
A00676,A00728,1
A00700,A00680,1
A00346,A00351,1
A00530,A01158,1
A00727,A01034,1
A00016,A00050,1
A00622,A00302,1
A00471,A00863,1
A01275,A00741,1
A00767,A00042,1
A00628,A00874,1
A00721,A01300,1
A00182,A00398,1
A01141,A00409,1
A01011,A00970,1
A00719,A01099,1
A01282,A01070,1
A01246,A00187,1
A00029,A00088,1
A00239,A00019,1
A01117,A00264,1
A00835,A00187,1
A01143,A00403,1
A00904,A00835,1
A00343,A00528,1
A00740,A00330,1
A00471,A00488,1
A01054,A01089,1
A01279,A00277,1
A00678,A00206,1
A01000,A00837,1
A00392,A00082,1
A00174,A00512,1
A01173,A01206,1
A01095,A00636,1
A00910,A00653,1
A00686,A00077,1
A00577,A00411,1
A00018,A00894,1
A00937,A00255,1
A00944,A00261,1
A00320,A00069,1
A01160,A00581,1
A00829,A00443,1
A00464,A00422,1
A00838,A00051,1
A01171,A00467,1
A00805,A00004,1
A00209,A00211,1
A00757,A00619,1
A00570,A00027,1
A00219,A00649,1
A01285,A01079,1
A00892,A00737,1
A01089,A00550,1
A00057,A00372,1
A00861,A01106,1
A01281,A00119,1
A01265,A00777,1
A00055,A00058,1
A01251,A00658,1
A00934,A00447,1
A01060,A00986,1
A01064,A00876,1
A00043,A00310,1
A00615,A01279,1
A00402,A00140,1
A00489,A01014,1
A00410,A01134,1
A00902,A00857,1
A01060,A01236,1
A00177,A00393,1
A00870,A00089,1
A01094,A01098,1
A00491,A00110,1
A00978,A00332,1
A00451,A00500,1
A00497,A00364,1
A00327,A00896,1
A01122,A00107,1
A00513,A00922,1
A00954,A00689,1
A00760,A01021,1
A00886,A00785,1
A00909,A00337,1
A00077,A01166,1
A01099,A00958,1
A00957,A00239,1
A00862,A00772,1
A00281,A00502,1
A00519,A00017,1
A01051,A00204,1
A01038,A00472,1
A00602,A01175,1
A00538,A00575,1
A00970,A00047,1
A00547,A01287,1
A00308,A01067,1
A01173,A00528,1
A00267,A01174,1
A01193,A00324,1
A01091,A01150,1
A01192,A00672,1
A01263,A00527,1
A00210,A01229,1
A00705,A00145,1
A00840,A00786,1
A00997,A01130,1
A00999,A00795,1
A01226,A01083,1
A00426,A01036,1
A01248,A00788,1
A00630,A01225,1
A00291,A00285,1
A00180,A01158,1
A00365,A01078,1
A00440,A01076,1
A00014,A01019,1
A00774,A01154,1
A00571,A01270,1
A01063,A00477,1
A01246,A00394,1
A00090,A00680,1
A01009,A01074,1
A00678,A00174,1
A00729,A01212,1
A01004,A00596,1
A00701,A00938,1
A00973,A00550,1
A00627,A00830,1
A00316,A00105,1
