source_phone_id,target_phone_id,timestamp,label
PH01248,PH02231,2025-09-20 12:47:28,1
PH03092,PH02573,2025-09-20 14:54:28,1
PH00943,PH00822,2025-09-20 15:28:55,1
PH02561,PH00768,2025-09-20 17:59:40,1
PH02695,PH02440,2025-09-20 18:58:58,1
PH02292,PH02400,2025-09-20 22:02:21,1
PH03283,PH01003,2025-09-20 23:24:53,1
PH04274,PH03688,2025-09-21 02:57:51,1
PH01993,PH02215,2025-09-21 10:28:45,1
PH00575,PH03760,2025-09-21 12:49:15,1
PH02527,PH01856,2025-09-21 13:25:03,1
PH02479,PH02663,2025-09-21 14:30:03,1
PH01890,PH03245,2025-09-21 19:54:29,1
PH02905,PH03008,2025-09-21 20:39:40,1
PH00092,PH01105,2025-09-22 00:09:35,1
PH01689,PH02252,2025-09-22 00:42:23,1
PH00051,PH03918,2025-09-22 02:24:29,1
PH00826,PH02232,2025-09-22 09:46:24,1
PH00202,PH00507,2025-09-22 11:29:02,1
PH01484,PH02950,2025-09-22 12:04:00,1
PH02792,PH01622,2025-09-22 14:39:08,1
PH00573,PH03398,2025-09-22 16:48:20,1
PH04107,PH02597,2025-09-22 19:57:17,1
PH03947,PH03048,2025-09-22 21:40:22,1
PH04494,PH04016,2025-09-23 01:15:16,1
PH03621,PH03545,2025-09-23 03:04:39,1
PH04134,PH03295,2025-09-23 05:04:16,1
PH03707,PH01897,2025-09-23 06:01:16,1
PH01980,PH00119,2025-09-23 06:22:18,1
PH01224,PH02610,2025-09-23 07:12:51,1
PH02407,PH03460,2025-09-23 07:52:59,1
PH01332,PH02964,2025-09-23 12:17:28,1
PH00455,PH04142,2025-09-23 16:59:51,1
PH02595,PH00415,2025-09-23 22:21:46,1
PH00804,PH03816,2025-09-24 13:53:05,1
PH03363,PH00630,2025-09-24 15:38:40,1
PH01077,PH03213,2025-09-24 20:33:43,1
PH01384,PH02946,2025-09-24 21:50:45,1
PH03002,PH02318,2025-09-24 23:56:25,1
PH02330,PH01432,2025-09-25 01:23:02,1
PH02330,PH03217,2025-09-25 05:33:46,1
PH01288,PH01696,2025-09-25 11:26:50,1
PH03123,PH02213,2025-09-25 12:01:43,1
PH00919,PH02036,2025-09-25 14:28:45,1
PH03753,PH02663,2025-09-25 16:37:05,1
PH02095,PH00715,2025-09-25 18:17:59,1
PH02868,PH03143,2025-09-25 18:56:30,1
PH03039,PH02107,2025-09-25 20:35:26,1
PH02352,PH04428,2025-09-25 20:39:21,1
PH03727,PH02964,2025-09-26 04:49:25,1
PH04255,PH03916,2025-09-26 05:02:57,1
PH01188,PH01943,2025-09-26 09:28:11,1
PH04169,PH01298,2025-09-26 10:39:26,1
PH00100,PH03312,2025-09-26 13:55:48,1
PH01509,PH03374,2025-09-26 15:20:00,1
PH00803,PH02584,2025-09-26 21:42:45,1
PH03621,PH03683,2025-09-26 22:48:02,1
PH01659,PH04226,2025-09-27 06:04:25,1
PH02161,PH04136,2025-09-27 08:32:42,1
PH00064,PH00295,2025-09-27 08:59:26,1
PH00276,PH00362,2025-09-27 20:09:09,1
PH02759,PH02038,2025-09-27 21:24:20,1
PH02362,PH03730,2025-09-27 22:59:26,1
PH01190,PH02919,2025-09-28 00:27:30,1
PH03090,PH03507,2025-09-28 01:41:24,1
PH04416,PH02226,2025-09-28 02:17:54,1
PH01365,PH02609,2025-09-28 04:33:14,1
PH01611,PH04084,2025-09-28 05:33:14,1
PH02905,PH04414,2025-09-28 06:21:03,1
PH03669,PH01817,2025-09-28 10:32:04,1
PH01788,PH04282,2025-09-28 20:37:38,1
PH02554,PH03558,2025-09-28 21:36:43,1
PH02559,PH00937,2025-09-29 00:04:17,1
PH01576,PH02901,2025-09-29 00:36:50,1
PH00075,PH00414,2025-09-29 02:28:54,1
PH01761,PH00465,2025-09-29 02:41:34,1
PH01408,PH00404,2025-09-29 03:17:27,1
PH04034,PH01512,2025-09-29 03:58:34,1
PH02325,PH02460,2025-09-29 08:24:51,1
PH04171,PH01692,2025-09-29 11:01:16,1
PH00036,PH03279,2025-09-29 11:51:20,1
PH02914,PH03857,2025-09-29 13:31:57,1
PH03974,PH00646,2025-09-29 16:42:40,1
PH01686,PH02577,2025-09-29 18:57:50,1
PH03955,PH03800,2025-09-29 19:16:37,1
PH03890,PH02017,2025-09-29 20:11:38,1
PH03883,PH02823,2025-09-29 23:53:33,1
PH02856,PH03305,2025-09-30 04:09:34,1
PH02866,PH00648,2025-09-30 04:26:26,1
PH03983,PH01532,2025-09-30 18:35:02,1
PH01426,PH01237,2025-09-30 22:04:43,1
PH03861,PH01022,2025-09-30 23:32:18,1
PH00772,PH03419,2025-10-01 02:31:05,1
PH02724,PH03684,2025-10-01 11:34:14,1
PH03494,PH02951,2025-10-01 12:05:29,1
PH03103,PH03246,2025-10-01 14:42:36,1
PH04313,PH04216,2025-10-01 17:15:44,1
PH02739,PH01977,2025-10-01 18:16:26,1
PH03247,PH03340,2025-10-02 02:05:05,1
PH03058,PH03643,2025-10-02 03:36:22,1
PH04447,PH00521,2025-10-02 06:12:54,1
PH00285,PH04391,2025-10-02 15:33:50,1
PH00966,PH02582,2025-10-02 22:26:45,1
PH03035,PH03843,2025-10-02 23:45:48,1
PH00140,PH00875,2025-10-03 02:37:27,1
PH02959,PH01143,2025-10-03 02:55:44,1
PH02189,PH00726,2025-10-03 07:39:14,1
PH00815,PH00617,2025-10-03 09:50:42,1
PH00032,PH03173,2025-10-03 10:38:31,1
PH04166,PH02782,2025-10-03 14:36:27,1
PH01991,PH03396,2025-10-03 16:08:31,1
PH01468,PH01778,2025-10-03 16:57:41,1
PH02839,PH04080,2025-10-04 00:33:40,1
PH01437,PH04011,2025-10-04 11:02:51,1
PH01749,PH03262,2025-10-04 13:17:51,1
PH01860,PH03870,2025-10-04 16:16:15,1
PH01075,PH02290,2025-10-05 00:30:39,1
PH00799,PH00796,2025-10-05 02:01:32,1
PH00654,PH00107,2025-10-05 03:38:33,1
PH01851,PH00912,2025-10-05 04:31:36,1
PH00559,PH00150,2025-10-05 04:33:02,1
PH00937,PH00001,2025-10-05 07:31:26,1
PH03710,PH04018,2025-10-05 08:00:12,1
PH03892,PH02872,2025-10-05 08:59:35,1
PH00315,PH01212,2025-10-05 09:22:41,1
PH03795,PH02214,2025-10-05 10:14:03,1
PH00523,PH00673,2025-10-05 11:28:47,1
PH03799,PH02075,2025-10-05 12:28:17,1
PH03564,PH04089,2025-10-05 21:35:11,1
PH03046,PH01165,2025-10-06 10:57:07,1
PH00326,PH02190,2025-10-06 10:57:26,1
PH03859,PH04207,2025-10-06 14:33:42,1
PH00616,PH00609,2025-10-06 15:23:16,1
PH01865,PH00314,2025-10-06 22:16:15,1
PH02235,PH00536,2025-10-07 00:09:14,1
PH03038,PH03696,2025-10-07 14:07:04,1
PH03750,PH01761,2025-10-07 15:52:30,1
PH01057,PH00352,2025-10-07 19:14:29,1
PH03971,PH02493,2025-10-07 22:34:18,1
PH02761,PH02749,2025-10-08 01:18:48,1
PH03387,PH03241,2025-10-08 01:37:26,1
PH01747,PH02450,2025-10-08 02:23:06,1
PH00227,PH03786,2025-10-08 07:05:24,1
PH04052,PH04234,2025-10-08 07:17:06,1
PH00133,PH03280,2025-10-08 10:41:42,1
PH00172,PH00488,2025-10-08 13:20:42,1
PH01693,PH04239,2025-10-08 14:48:52,1
PH04060,PH00609,2025-10-08 18:59:31,1
PH02833,PH01145,2025-10-08 19:30:20,1
PH04060,PH01113,2025-10-08 23:17:05,1
PH02983,PH04263,2025-10-09 00:00:00,1
PH00028,PH04254,2025-10-09 01:55:57,1
PH02237,PH00407,2025-10-09 01:57:45,1
PH03193,PH03463,2025-10-09 02:43:31,1
PH02112,PH00202,2025-10-09 08:53:14,1
PH00812,PH04143,2025-10-09 09:21:04,1
PH04128,PH03699,2025-10-09 10:11:20,1
PH02934,PH03248,2025-10-09 10:52:51,1
PH02490,PH03589,2025-10-09 15:26:43,1
PH01602,PH02622,2025-10-09 15:55:19,1
PH01718,PH00147,2025-10-09 16:14:10,1
PH04194,PH02796,2025-10-09 16:40:03,1
PH00611,PH02743,2025-10-09 19:28:27,1
PH03248,PH00532,2025-10-09 23:42:38,1
PH02414,PH04282,2025-10-09 23:51:47,1
PH04154,PH00251,2025-10-10 09:38:06,1
PH01522,PH03014,2025-10-10 11:21:22,1
PH03984,PH02101,2025-10-10 14:06:04,1
PH00185,PH03510,2025-10-10 17:10:55,1
PH03352,PH03370,2025-10-10 20:16:50,1
PH00498,PH01097,2025-10-11 03:10:55,1
PH02335,PH01534,2025-10-11 04:19:21,1
PH03654,PH01231,2025-10-11 05:53:12,1
PH04491,PH01374,2025-10-11 10:10:23,1
PH01891,PH03927,2025-10-11 10:51:51,1
PH02184,PH04104,2025-10-11 12:04:22,1
PH00820,PH03531,2025-10-11 14:21:05,1
PH01082,PH02530,2025-10-11 16:04:12,1
PH00992,PH01848,2025-10-11 18:49:46,1
PH03250,PH00776,2025-10-12 01:11:59,1
PH01506,PH04069,2025-10-12 04:33:09,1
PH01754,PH00612,2025-10-12 07:53:14,1
PH02298,PH03653,2025-10-12 11:03:16,1
PH01604,PH00840,2025-10-12 13:06:56,1
PH02649,PH04350,2025-10-12 13:17:01,1
PH01579,PH01722,2025-10-12 21:34:05,1
PH03382,PH02139,2025-10-12 23:24:26,1
PH04207,PH02198,2025-10-12 23:55:55,1
PH04235,PH04443,2025-10-13 01:56:23,1
PH01095,PH00359,2025-10-13 07:15:53,1
PH00399,PH02049,2025-10-13 10:59:56,1
PH02113,PH02051,2025-10-13 11:43:16,1
PH04206,PH04242,2025-10-13 12:05:49,1
PH02549,PH01917,2025-10-13 13:30:02,1
PH03637,PH02858,2025-10-13 15:26:26,1
PH01999,PH04289,2025-10-13 18:31:20,1
PH04277,PH03548,2025-10-13 22:33:57,1
PH01008,PH03034,2025-10-13 23:43:23,1
PH03043,PH04050,2025-10-14 01:29:34,1
PH00423,PH00668,2025-10-14 08:11:16,1
PH02577,PH03224,2025-10-14 08:42:01,1
PH01714,PH04168,2025-10-14 09:11:36,1
PH03794,PH01247,2025-10-14 09:28:21,1
PH01610,PH02270,2025-10-14 12:40:04,1
PH01134,PH00635,2025-10-14 12:40:40,1
PH01676,PH03163,2025-10-14 14:34:36,1
PH01223,PH04056,2025-10-14 18:53:11,1
PH00063,PH00229,2025-10-14 21:20:26,1
PH04128,PH00767,2025-10-15 00:27:45,1
PH00371,PH02305,2025-10-15 04:09:22,1
PH04026,PH00188,2025-10-15 06:36:35,1
PH00361,PH03194,2025-10-15 10:13:52,1
PH01666,PH00390,2025-10-15 10:51:52,1
PH04354,PH02710,2025-10-15 12:58:22,1
PH02271,PH02200,2025-10-15 15:33:38,1
PH03700,PH02381,2025-10-15 16:27:19,1
PH03998,PH01720,2025-10-15 17:23:44,1
PH03399,PH02989,2025-10-15 18:04:40,1
PH02226,PH04097,2025-10-15 21:08:26,1
PH01334,PH01535,2025-10-16 02:58:07,1
PH02786,PH01394,2025-10-16 04:52:44,1
PH01706,PH01989,2025-10-16 07:07:16,1
PH02606,PH02580,2025-10-16 13:13:04,1
PH02368,PH02068,2025-10-16 18:21:02,1
PH03348,PH04175,2025-10-16 18:39:56,1
PH00261,PH00218,2025-10-16 19:02:19,1
PH01077,PH02867,2025-10-16 23:35:43,1
PH03654,PH02602,2025-10-17 00:54:58,1
PH00661,PH01527,2025-10-17 02:33:54,1
PH01927,PH02794,2025-10-17 15:34:29,1
PH00644,PH03655,2025-10-17 16:05:33,1
PH00548,PH00521,2025-10-17 20:56:26,1
PH02750,PH01540,2025-10-17 21:09:19,1
PH00900,PH04230,2025-10-17 21:30:25,1
PH00246,PH00162,2025-10-17 21:57:34,1
PH00159,PH00564,2025-10-17 22:52:55,1
PH02097,PH04065,2025-10-17 23:09:11,1
PH00821,PH04259,2025-10-17 23:25:10,1
PH03049,PH02570,2025-10-17 23:29:09,1
PH04168,PH03593,2025-10-18 06:32:11,1
PH02706,PH02740,2025-10-18 15:33:43,1
PH03495,PH00365,2025-10-18 16:32:52,1
PH03103,PH00548,2025-10-18 19:12:42,1
PH01681,PH01616,2025-10-18 23:35:40,1
PH02509,PH04338,2025-10-19 00:23:36,1
PH02172,PH01153,2025-10-19 01:10:33,1
PH01736,PH04292,2025-10-19 08:24:24,1
PH00580,PH00154,2025-10-19 10:55:58,1
PH04013,PH01669,2025-10-19 11:51:38,1
PH00424,PH01649,2025-10-19 12:09:48,1
PH01834,PH04075,2025-10-19 13:58:37,1
PH01279,PH04479,2025-10-19 14:28:32,1
PH03380,PH00168,2025-10-19 15:58:04,1
PH03631,PH04374,2025-10-19 19:16:37,1
PH03889,PH04219,2025-10-19 19:52:32,1
PH02447,PH04043,2025-10-19 23:52:58,1
PH01725,PH00881,2025-10-20 03:04:06,1
PH03437,PH03716,2025-10-20 03:57:32,1
PH04341,PH02869,2025-10-20 08:12:52,1
PH02158,PH03943,2025-10-20 09:31:15,1
PH02990,PH03038,2025-10-20 10:00:30,1
PH02822,PH00109,2025-10-20 10:55:12,1
PH03031,PH02669,2025-10-20 11:08:32,1
PH01099,PH02551,2025-10-20 12:10:23,1
PH00625,PH03458,2025-10-20 12:29:51,1
PH01007,PH00353,2025-10-20 14:03:27,1
PH04417,PH03030,2025-10-20 16:50:43,1
PH01006,PH02832,2025-10-21 00:01:32,1
PH01063,PH04320,2025-10-21 02:01:16,1
PH03923,PH00008,2025-10-21 02:14:16,1
PH00759,PH03330,2025-10-21 07:44:47,1
PH00015,PH03728,2025-10-21 12:28:58,1
PH01210,PH00610,2025-10-21 22:01:12,1
PH00743,PH02100,2025-10-22 00:38:26,1
PH01929,PH01722,2025-10-22 02:24:57,1
PH00072,PH00179,2025-10-22 04:19:02,1
PH04446,PH01479,2025-10-22 10:20:24,1
PH01301,PH01451,2025-10-23 02:45:38,1
PH00580,PH03381,2025-10-23 03:53:23,1
PH02030,PH00635,2025-10-23 06:50:19,1
PH00139,PH02006,2025-10-23 07:48:30,1
PH01079,PH03102,2025-10-23 16:14:41,1
PH01657,PH00968,2025-10-23 23:35:41,1
PH03492,PH01639,2025-10-24 03:40:29,1
PH00005,PH01441,2025-10-24 05:06:32,1
PH01787,PH01735,2025-10-24 06:09:21,1
PH02669,PH00390,2025-10-24 06:18:57,1
PH03787,PH03433,2025-10-24 06:25:32,1
PH03505,PH01634,2025-10-24 12:06:29,1
PH01316,PH01662,2025-10-24 13:18:47,1
PH01084,PH00496,2025-10-24 13:21:21,1
PH02880,PH02427,2025-10-24 15:06:20,1
PH00348,PH01774,2025-10-24 15:18:35,1
PH01714,PH01705,2025-10-24 17:53:58,1
PH00809,PH03881,2025-10-24 21:02:29,1
PH03856,PH02742,2025-10-24 21:37:16,1
PH02019,PH03518,2025-10-24 22:17:35,1
PH02602,PH01523,2025-10-25 00:24:07,1
PH03614,PH04049,2025-10-25 02:32:44,1
PH03706,PH03651,2025-10-25 04:10:57,1
PH01865,PH02706,2025-10-25 04:16:54,1
PH00919,PH00082,2025-10-25 05:55:45,1
PH01492,PH03141,2025-10-25 07:29:01,1
PH00146,PH00517,2025-10-25 15:56:20,1
PH01176,PH03300,2025-10-25 16:01:21,1
PH02614,PH03703,2025-10-25 17:43:45,1
PH03700,PH03672,2025-10-25 22:58:17,1
PH00255,PH00219,2025-10-25 23:20:45,1
PH00557,PH03592,2025-10-25 23:46:54,1
PH00318,PH04408,2025-10-26 13:07:35,1
PH02617,PH02532,2025-10-26 13:25:08,1
PH01111,PH00743,2025-10-26 14:58:44,1
PH04084,PH03384,2025-10-26 19:42:52,1
PH03847,PH04292,2025-10-26 21:24:59,1
PH00951,PH03162,2025-10-26 22:43:48,1
PH03458,PH01831,2025-10-27 03:44:42,1
PH04102,PH01692,2025-10-27 07:51:00,1
PH02292,PH03060,2025-10-27 16:34:46,1
PH01074,PH00911,2025-10-27 19:30:41,1
PH03001,PH02683,2025-10-27 21:27:03,1
PH00964,PH00201,2025-10-27 23:22:17,1
PH00103,PH02903,2025-10-28 00:28:14,1
PH02999,PH03611,2025-10-28 03:20:42,1
PH02750,PH02063,2025-10-28 04:31:06,1
PH00190,PH04496,2025-10-28 05:10:17,1
PH03525,PH02148,2025-10-28 08:16:43,1
PH00063,PH01713,2025-10-28 12:19:36,1
PH03959,PH03235,2025-10-28 19:05:59,1
PH01752,PH01959,2025-10-28 19:54:56,1
PH02882,PH02544,2025-10-29 03:14:49,1
PH02047,PH01939,2025-10-29 04:06:54,1
PH04303,PH03031,2025-10-29 05:51:42,1
PH03555,PH01636,2025-10-29 07:11:55,1
PH00184,PH00634,2025-10-29 09:25:33,1
PH03193,PH02712,2025-10-29 11:09:10,1
PH02632,PH04149,2025-10-29 17:28:10,1
PH03394,PH00201,2025-10-29 19:16:25,1
PH04386,PH00668,2025-10-29 19:46:07,1
PH01385,PH00540,2025-10-29 20:22:54,1
PH00046,PH01478,2025-10-29 22:39:57,1
PH04108,PH00183,2025-10-30 01:13:24,1
PH00889,PH01960,2025-10-30 04:54:10,1
PH01354,PH02552,2025-10-30 05:57:25,1
PH03346,PH04267,2025-10-30 06:00:00,1
PH00049,PH01324,2025-10-30 06:10:11,1
PH01062,PH03837,2025-10-30 14:02:16,1
PH01539,PH04359,2025-10-30 14:15:02,1
PH00587,PH02747,2025-10-30 17:03:36,1
PH01079,PH04016,2025-10-31 00:33:28,1
PH00853,PH00561,2025-10-31 03:27:46,1
PH03922,PH00394,2025-10-31 03:51:13,1
PH04210,PH00459,2025-10-31 04:32:13,1
PH00068,PH02646,2025-10-31 04:55:08,1
PH03611,PH02371,2025-10-31 07:36:41,1
PH00393,PH02026,2025-10-31 08:12:06,1
PH02002,PH00425,2025-10-31 09:54:14,1
PH03820,PH02883,2025-10-31 10:13:02,1
PH02716,PH02310,2025-10-31 10:42:31,1
PH01950,PH03879,2025-10-31 11:41:46,1
PH00726,PH03446,2025-10-31 15:55:20,1
PH00225,PH03174,2025-10-31 21:30:28,1
PH01430,PH01728,2025-10-31 23:15:46,1
PH03866,PH03026,2025-11-01 06:18:14,1
PH00224,PH02490,2025-11-01 09:07:31,1
PH01103,PH03594,2025-11-01 10:16:15,1
PH00833,PH02275,2025-11-01 11:08:02,1
PH02332,PH02341,2025-11-01 18:28:42,1
PH02303,PH01193,2025-11-01 20:08:57,1
PH04396,PH01625,2025-11-01 22:38:54,1
PH00516,PH00212,2025-11-02 04:36:22,1
PH02981,PH03134,2025-11-02 06:09:23,1
PH03430,PH01239,2025-11-02 08:14:14,1
PH00927,PH04007,2025-11-02 09:40:50,1
PH02672,PH03841,2025-11-02 13:01:25,1
PH02570,PH02008,2025-11-02 13:14:44,1
PH01673,PH02834,2025-11-02 20:42:27,1
PH00369,PH01391,2025-11-02 21:14:07,1
PH01347,PH03103,2025-11-03 01:13:49,1
PH03591,PH01896,2025-11-03 06:21:19,1
PH01457,PH02488,2025-11-03 08:09:27,1
PH03572,PH01426,2025-11-03 12:15:21,1
PH02568,PH04040,2025-11-03 12:54:48,1
PH02692,PH01627,2025-11-03 20:55:25,1
PH01237,PH03851,2025-11-04 00:58:02,1
PH00143,PH02920,2025-11-04 04:23:10,1
PH03673,PH01583,2025-11-04 05:11:28,1
PH00791,PH02945,2025-11-04 10:40:01,1
PH00370,PH02877,2025-11-04 10:43:01,1
PH00993,PH01643,2025-11-04 11:18:49,1
PH00999,PH03981,2025-11-04 12:50:42,1
PH02118,PH00920,2025-11-04 13:20:54,1
PH03279,PH02187,2025-11-04 14:06:24,1
PH03678,PH03490,2025-11-04 15:28:13,1
PH03186,PH00127,2025-11-04 15:46:22,1
PH01451,PH00767,2025-11-04 17:01:04,1
PH00529,PH00049,2025-11-05 02:42:48,1
PH03820,PH03248,2025-11-05 09:20:29,1
PH04360,PH01208,2025-11-05 09:51:34,1
PH00691,PH02475,2025-11-05 11:26:19,1
PH04308,PH02241,2025-11-05 13:11:06,1
PH02520,PH02939,2025-11-05 16:22:44,1
PH02694,PH01197,2025-11-05 20:00:15,1
PH02430,PH03813,2025-11-05 23:25:49,1
PH00169,PH02895,2025-11-06 01:50:27,1
PH02972,PH04076,2025-11-06 02:23:45,1
PH02052,PH00264,2025-11-06 03:11:14,1
PH02485,PH02092,2025-11-06 06:02:22,1
PH02469,PH00126,2025-11-06 06:28:51,1
PH00397,PH02858,2025-11-06 17:29:55,1
PH02518,PH02161,2025-11-06 21:55:04,1
PH01307,PH03572,2025-11-06 22:14:32,1
PH02153,PH02233,2025-11-06 22:28:42,1
PH01647,PH00851,2025-11-07 00:48:53,1
PH03033,PH03773,2025-11-07 06:04:47,1
PH01578,PH01089,2025-11-07 09:20:11,1
PH01607,PH02188,2025-11-07 10:20:24,1
PH00705,PH00553,2025-11-07 11:39:57,1
PH01393,PH00582,2025-11-07 21:28:36,1
PH01849,PH01999,2025-11-08 01:14:12,1
PH02022,PH00741,2025-11-08 01:40:41,1
PH02281,PH02645,2025-11-08 02:45:40,1
PH03262,PH01001,2025-11-08 04:02:52,1
PH02633,PH00889,2025-11-08 06:19:07,1
PH00795,PH03383,2025-11-08 11:22:33,1
PH03936,PH03788,2025-11-08 13:03:24,1
PH03558,PH00116,2025-11-08 13:43:14,1
PH00817,PH01231,2025-11-08 16:55:02,1
PH00496,PH02360,2025-11-08 16:59:27,1
PH01300,PH00691,2025-11-08 20:14:09,1
PH00255,PH02029,2025-11-08 22:09:21,1
PH03063,PH02398,2025-11-09 03:24:39,1
PH01971,PH02816,2025-11-09 06:35:11,1
PH01959,PH02254,2025-11-09 12:51:18,1
PH00493,PH01532,2025-11-09 20:46:31,1
PH01666,PH01542,2025-11-09 23:49:17,1
PH00280,PH02805,2025-11-10 00:38:09,1
PH01114,PH02299,2025-11-10 04:12:13,1
PH00315,PH01654,2025-11-10 04:48:02,1
PH04023,PH03059,2025-11-10 07:09:30,1
PH00451,PH00621,2025-11-10 07:13:44,1
PH03536,PH01202,2025-11-10 11:00:45,1
PH02667,PH02792,2025-11-10 12:28:35,1
PH02722,PH04109,2025-11-10 13:17:41,1
PH01955,PH00812,2025-11-10 18:04:52,1
PH03047,PH04319,2025-11-10 21:02:41,1
PH04018,PH00279,2025-11-10 22:48:52,1
PH00697,PH01290,2025-11-11 00:46:10,1
PH04472,PH00530,2025-11-11 05:14:34,1
PH03712,PH04448,2025-11-11 08:56:12,1
PH02386,PH03468,2025-11-11 11:13:46,1
PH03237,PH01318,2025-11-11 11:34:50,1
PH03140,PH02642,2025-11-11 11:55:25,1
PH03163,PH00638,2025-11-11 14:47:53,1
PH00157,PH01815,2025-11-11 17:46:40,1
PH02836,PH02282,2025-11-11 22:28:37,1
PH00003,PH03123,2025-11-11 23:10:51,1
PH02410,PH00378,2025-11-12 00:46:54,1
PH02037,PH04318,2025-11-12 03:12:55,1
PH01730,PH04039,2025-11-12 05:31:06,1
PH01158,PH03684,2025-11-12 08:57:39,1
PH01448,PH03250,2025-11-12 21:04:58,1
PH03870,PH00606,2025-11-12 21:15:46,1
PH03867,PH01762,2025-11-12 22:34:05,1
PH02531,PH00307,2025-11-12 22:41:58,1
PH02608,PH03966,2025-11-13 03:38:07,1
PH00985,PH02210,2025-11-13 03:41:00,1
PH03549,PH00595,2025-11-13 03:41:58,1
PH03549,PH02471,2025-11-13 07:11:38,1
PH01823,PH02986,2025-11-13 08:42:41,1
PH01054,PH04297,2025-11-13 10:10:18,1
PH02569,PH02519,2025-11-13 12:05:01,1
PH03192,PH03948,2025-11-13 16:38:30,1
PH03089,PH00100,2025-11-13 17:03:04,1
PH02321,PH00152,2025-11-13 17:56:11,1
PH01552,PH01076,2025-11-14 00:52:28,1
PH01206,PH02356,2025-11-14 03:09:44,1
PH01912,PH03824,2025-11-14 05:18:38,1
PH02597,PH02596,2025-11-14 06:49:32,1
PH03847,PH01855,2025-11-14 10:27:46,1
PH02151,PH02499,2025-11-14 17:14:15,1
PH00520,PH00241,2025-11-14 18:29:34,1
PH03654,PH03592,2025-11-14 23:23:02,1
PH02232,PH01604,2025-11-15 07:43:53,1
PH02895,PH01045,2025-11-15 08:56:52,1
PH03384,PH00347,2025-11-15 12:34:52,1
PH02469,PH00528,2025-11-15 23:58:14,1
PH00296,PH04027,2025-11-16 00:24:41,1
PH00390,PH00268,2025-11-16 10:55:41,1
PH04459,PH02421,2025-11-16 12:41:16,1
PH00403,PH02365,2025-11-16 16:11:20,1
PH02082,PH03292,2025-11-16 17:40:13,1
PH00061,PH02385,2025-11-17 01:19:43,1
PH01953,PH03558,2025-11-17 02:28:01,1
PH04025,PH04393,2025-11-17 03:46:27,1
PH00661,PH03141,2025-11-17 11:45:09,1
PH02259,PH02954,2025-11-17 15:18:58,1
PH02418,PH00871,2025-11-17 16:01:13,1
PH01887,PH04371,2025-11-17 17:20:15,1
PH02772,PH01446,2025-11-17 21:07:57,1
PH03076,PH02791,2025-11-17 21:16:14,1
PH02205,PH03378,2025-11-18 05:25:32,1
PH02838,PH01083,2025-11-18 06:25:06,1
PH04003,PH03954,2025-11-18 08:34:34,1
PH04214,PH03909,2025-11-18 10:01:42,1
PH02553,PH01975,2025-11-18 18:41:41,1
PH03754,PH03366,2025-11-18 22:27:53,1
PH02507,PH02555,2025-11-19 01:16:19,1
PH01725,PH03641,2025-11-19 04:24:14,1
PH03053,PH00127,2025-11-19 06:49:09,1
PH02183,PH03922,2025-11-19 14:06:00,1
PH00899,PH02328,2025-11-19 20:29:44,1
PH02550,PH02876,2025-11-19 22:15:13,1
PH00800,PH03236,2025-11-19 22:50:54,1
PH04147,PH02664,2025-11-20 01:20:34,1
PH04257,PH00153,2025-11-20 04:26:58,1
PH01920,PH04064,2025-11-20 14:05:20,1
PH01458,PH03110,2025-11-20 15:15:16,1
PH03004,PH00128,2025-11-20 18:55:59,1
PH02924,PH03831,2025-11-21 09:12:50,1
PH04069,PH03808,2025-11-21 15:30:28,1
PH00851,PH01080,2025-11-21 16:55:23,1
PH00618,PH01057,2025-11-21 18:41:45,1
PH00387,PH04027,2025-11-21 19:22:26,1
PH02403,PH04394,2025-11-21 20:12:30,1
PH00528,PH00782,2025-11-21 22:12:26,1
PH03783,PH04289,2025-11-21 23:03:33,1
PH02988,PH02541,2025-11-22 03:24:14,1
PH01431,PH00040,2025-11-22 05:10:04,1
PH02413,PH04040,2025-11-22 05:51:42,1
PH02998,PH02815,2025-11-22 06:02:22,1
PH00685,PH01721,2025-11-22 08:59:36,1
PH03702,PH02264,2025-11-22 09:04:45,1
PH00413,PH01053,2025-11-22 16:04:10,1
PH02513,PH04132,2025-11-22 19:16:41,1
PH01398,PH03957,2025-11-22 20:45:21,1
PH02922,PH02759,2025-11-23 06:30:14,1
PH01148,PH02531,2025-11-23 06:55:36,1
PH00850,PH03890,2025-11-23 11:19:12,1
PH03660,PH01357,2025-11-23 11:54:01,1
PH03251,PH01369,2025-11-23 13:41:21,1
PH03878,PH00719,2025-11-23 15:05:48,1
PH02454,PH03742,2025-11-23 15:38:30,1
PH03086,PH00148,2025-11-23 16:41:16,1
PH01100,PH01560,2025-11-24 01:48:36,1
PH00410,PH03867,2025-11-24 08:10:56,1
PH03559,PH00638,2025-11-24 08:16:41,1
PH03613,PH04323,2025-11-24 08:41:15,1
PH02064,PH02369,2025-11-24 13:48:40,1
PH03002,PH01007,2025-11-24 14:40:54,1
PH01437,PH00755,2025-11-24 18:32:23,1
PH02454,PH02362,2025-11-25 07:38:01,1
PH01629,PH00454,2025-11-25 10:54:52,1
PH00823,PH00600,2025-11-25 12:24:19,1
PH02595,PH02225,2025-11-25 14:41:49,1
PH02786,PH01039,2025-11-25 17:34:43,1
PH00938,PH00359,2025-11-25 18:09:39,1
PH01724,PH00765,2025-11-25 19:08:24,1
PH04095,PH03958,2025-11-25 19:47:01,1
PH03414,PH01783,2025-11-26 03:21:47,1
PH02346,PH03872,2025-11-26 10:23:54,1
PH01242,PH03324,2025-11-26 11:59:23,1
PH02672,PH01761,2025-11-26 22:40:28,1
PH02398,PH02637,2025-11-27 00:14:10,1
PH03954,PH02583,2025-11-27 05:47:24,1
PH00996,PH02663,2025-11-27 07:39:38,1
PH01098,PH02728,2025-11-27 10:46:18,1
PH00657,PH03326,2025-11-27 13:33:57,1
PH03166,PH03265,2025-11-27 14:50:16,1
PH00499,PH02489,2025-11-27 17:21:50,1
PH03193,PH02339,2025-11-27 19:23:57,1
PH02139,PH02612,2025-11-27 20:04:50,1
PH03493,PH04174,2025-11-27 23:12:23,1
PH01879,PH03350,2025-11-28 01:10:46,1
PH01824,PH01436,2025-11-28 01:42:11,1
PH00127,PH03665,2025-11-28 02:28:25,1
PH00260,PH00753,2025-11-28 05:46:56,1
PH03512,PH02583,2025-11-28 06:23:07,1
PH02623,PH03735,2025-11-28 10:27:00,1
PH02477,PH02584,2025-11-28 11:49:09,1
PH00785,PH03437,2025-11-28 12:25:39,1
PH04186,PH00879,2025-11-28 14:34:33,1
PH03023,PH03081,2025-11-28 17:21:14,1
PH02841,PH01738,2025-11-28 20:06:36,1
PH03635,PH00244,2025-11-28 21:14:13,1
PH02134,PH01698,2025-11-28 21:48:51,1
PH03597,PH00694,2025-11-28 22:38:21,1
PH02061,PH04351,2025-11-28 22:39:48,1
PH01599,PH01213,2025-11-28 22:57:44,1
PH03171,PH03452,2025-11-29 00:46:46,1
PH03709,PH00215,2025-11-29 02:02:35,1
PH02614,PH03710,2025-11-29 02:10:03,1
PH02237,PH01705,2025-11-29 09:17:34,1
PH02714,PH04178,2025-11-29 11:07:50,1
PH01423,PH00438,2025-11-29 13:01:54,1
PH03830,PH03105,2025-11-29 13:23:06,1
PH00837,PH01411,2025-11-29 23:42:52,1
PH01314,PH04348,2025-11-30 02:37:42,1
PH00492,PH03201,2025-11-30 06:01:43,1
PH03453,PH03479,2025-11-30 06:28:36,1
PH00577,PH01937,2025-11-30 06:39:48,1
PH02227,PH01010,2025-11-30 11:14:35,1
PH00032,PH03053,2025-11-30 16:50:26,1
PH02320,PH01706,2025-11-30 18:38:52,1
PH00030,PH02725,2025-12-01 05:31:51,1
PH02698,PH03608,2025-12-01 06:00:31,1
PH01340,PH04288,2025-12-01 09:06:56,1
PH02929,PH02193,2025-12-01 09:33:53,1
PH01179,PH01000,2025-12-01 10:59:34,1
PH00045,PH02572,2025-12-01 11:14:50,1
PH01423,PH04031,2025-12-01 15:16:50,1
PH01553,PH02176,2025-12-01 23:16:38,1
PH03212,PH02581,2025-12-02 04:10:45,1
PH04055,PH02688,2025-12-02 09:04:39,1
PH00218,PH03035,2025-12-02 10:41:55,1
PH04204,PH02025,2025-12-02 12:07:51,1
PH01319,PH03155,2025-12-02 13:05:42,1
PH04117,PH02578,2025-12-02 13:49:20,1
PH04234,PH03869,2025-12-02 21:08:38,1
PH03872,PH00926,2025-12-02 23:26:05,1
PH03906,PH03936,2025-12-03 03:42:20,1
PH02933,PH00517,2025-12-03 10:07:12,1
PH00432,PH03745,2025-12-03 12:39:45,1
PH04143,PH03564,2025-12-03 13:02:29,1
PH01352,PH01413,2025-12-03 17:56:42,1
PH03005,PH02640,2025-12-03 18:53:21,1
PH01678,PH01772,2025-12-03 19:58:53,1
PH02863,PH02226,2025-12-03 23:18:55,1
PH01433,PH00030,2025-12-04 01:50:12,1
PH02089,PH01672,2025-12-04 03:26:15,1
PH01394,PH04041,2025-12-04 04:05:38,1
PH00255,PH01176,2025-12-04 05:57:32,1
PH01048,PH02934,2025-12-04 08:35:24,1
PH02875,PH02378,2025-12-04 10:41:16,1
PH03977,PH02340,2025-12-04 19:30:50,1
PH01683,PH02292,2025-12-04 22:05:23,1
PH02195,PH02408,2025-12-04 22:43:37,1
PH02132,PH01461,2025-12-05 00:57:13,1
PH02816,PH02103,2025-12-05 05:27:59,1
PH03487,PH03123,2025-12-05 07:53:33,1
PH04443,PH00689,2025-12-05 08:09:00,1
PH00012,PH02905,2025-12-05 11:33:55,1
PH03877,PH03025,2025-12-05 11:43:35,1
PH01888,PH00853,2025-12-05 13:59:20,1
PH02268,PH03326,2025-12-05 15:38:38,1
PH01877,PH02477,2025-12-05 19:08:00,1
PH03036,PH02994,2025-12-05 21:53:06,1
PH02718,PH03542,2025-12-06 02:08:34,1
PH01233,PH04334,2025-12-06 02:52:48,1
PH03267,PH01435,2025-12-06 05:38:50,1
PH04131,PH03742,2025-12-06 10:24:41,1
PH03039,PH02560,2025-12-06 11:20:38,1
PH02443,PH00267,2025-12-06 11:25:37,1
