source_account_id,target_account_id,timestamp,label
A00836,A00184,2025-09-18 04:31:20,1
A00904,A00705,2025-09-18 06:05:44,1
A00717,A00083,2025-09-18 06:48:06,1
A00360,A00386,2025-09-18 07:37:32,1
A00689,A00514,2025-09-18 13:26:13,1
A00579,A01295,2025-09-18 17:35:43,1
A00952,A01180,2025-09-18 19:35:32,1
A00455,A01133,2025-09-18 20:51:42,1
A00855,A00500,2025-09-18 22:13:29,1
A01278,A00116,2025-09-18 22:23:02,1
A00077,A00489,2025-09-19 02:06:16,1
A00108,A00106,2025-09-19 02:14:19,1
A00862,A00772,2025-09-19 07:01:17,1
A00927,A01299,2025-09-19 11:48:50,1
A00088,A01161,2025-09-19 12:41:30,1
A01276,A01062,2025-09-19 16:49:25,1
A00106,A00372,2025-09-19 17:14:19,1
A00123,A00818,2025-09-19 18:27:21,1
A00531,A00546,2025-09-19 20:17:52,1
A01269,A00717,2025-09-19 22:39:54,1
A01182,A01070,2025-09-20 03:22:49,1
A00956,A00001,2025-09-20 08:30:24,1
A00846,A00036,2025-09-20 09:59:50,1
A01150,A00518,2025-09-20 14:38:03,1
A00526,A01101,2025-09-20 16:05:18,1
A00773,A00196,2025-09-20 16:08:06,1
A01116,A00325,2025-09-20 20:39:13,1
A00979,A00495,2025-09-21 04:11:23,1
A00826,A00322,2025-09-21 05:05:27,1
A00503,A01222,2025-09-21 07:44:24,1
A00996,A00783,2025-09-21 07:55:14,1
A00939,A01300,2025-09-21 09:14:49,1
A01077,A00600,2025-09-21 11:08:33,1
A00332,A01191,2025-09-21 16:01:07,1
A00908,A00702,2025-09-21 19:44:52,1
A00750,A00957,2025-09-21 20:52:55,1
A00093,A01293,2025-09-21 22:47:12,1
A01150,A00955,2025-09-21 23:41:52,1
A00450,A00825,2025-09-22 02:19:56,1
A00127,A00599,2025-09-22 08:00:21,1
A00384,A00792,2025-09-22 09:21:16,1
A00415,A01187,2025-09-22 09:40:07,1
A00057,A00490,2025-09-22 10:29:43,1
A00062,A00030,2025-09-22 11:34:53,1
A00174,A00480,2025-09-22 15:30:09,1
A00794,A00522,2025-09-22 20:56:31,1
A00872,A00838,2025-09-22 21:35:09,1
A00799,A01164,2025-09-23 00:33:14,1
A01018,A01273,2025-09-23 07:00:42,1
A00555,A00221,2025-09-23 08:37:40,1
A01278,A00345,2025-09-23 12:36:23,1
A01104,A01000,2025-09-23 20:51:14,1
A00629,A01087,2025-09-23 21:33:07,1
A01029,A00327,2025-09-23 22:13:34,1
A00077,A00602,2025-09-23 23:40:21,1
A01092,A00692,2025-09-24 01:19:42,1
A00237,A01252,2025-09-24 04:48:42,1
A00830,A01292,2025-09-24 07:40:25,1
A00832,A00796,2025-09-24 10:42:21,1
A00013,A01257,2025-09-24 13:32:10,1
A00540,A00026,2025-09-24 14:43:50,1
A00794,A01235,2025-09-25 00:54:25,1
A00032,A00988,2025-09-25 01:22:05,1
A00623,A00033,2025-09-25 02:05:34,1
A00825,A00098,2025-09-25 07:44:25,1
A00678,A00206,2025-09-25 09:41:18,1
A00001,A01242,2025-09-25 10:35:02,1
A00470,A00091,2025-09-25 10:39:56,1
A01096,A00103,2025-09-25 11:43:56,1
A00762,A00076,2025-09-25 12:25:25,1
A00169,A01107,2025-09-25 13:06:48,1
A00903,A00078,2025-09-25 14:33:04,1
A01197,A01050,2025-09-25 20:28:19,1
A00578,A00734,2025-09-25 23:19:32,1
A00245,A01224,2025-09-26 00:13:18,1
A00220,A00586,2025-09-26 01:08:56,1
A00902,A00304,2025-09-26 02:47:00,1
A01296,A01127,2025-09-26 04:22:50,1
A00766,A01176,2025-09-26 12:28:39,1
A00118,A00458,2025-09-26 13:14:45,1
A00233,A00295,2025-09-26 16:13:02,1
A00821,A00022,2025-09-27 00:30:56,1
A00352,A00811,2025-09-27 02:22:43,1
A01108,A00409,2025-09-27 02:34:37,1
A01171,A00872,2025-09-27 03:30:00,1
A00862,A00239,2025-09-27 08:20:46,1
A01059,A00544,2025-09-27 08:41:27,1
A00553,A01001,2025-09-27 08:58:31,1
A00249,A00800,2025-09-27 09:38:37,1
A01217,A00746,2025-09-27 12:23:26,1
A01087,A00187,2025-09-27 22:28:29,1
A00827,A01164,2025-09-28 00:20:06,1
A00210,A00738,2025-09-28 00:30:12,1
A00050,A00449,2025-09-28 11:53:09,1
A00148,A01021,2025-09-28 17:47:14,1
A01134,A01080,2025-09-28 19:28:07,1
A00609,A00744,2025-09-28 22:47:49,1
A00989,A01158,2025-09-29 01:57:46,1
A00656,A01220,2025-09-29 06:16:57,1
A00252,A00628,2025-09-29 06:37:03,1
A00485,A00032,2025-09-29 07:35:15,1
A01113,A00209,2025-09-29 12:43:34,1
A01198,A01108,2025-09-29 18:17:44,1
A00957,A00436,2025-09-29 19:05:31,1
A00611,A00896,2025-09-29 19:46:47,1
A00910,A00937,2025-09-29 22:58:25,1
A00249,A00571,2025-09-29 23:47:50,1
A00608,A00146,2025-09-30 07:40:54,1
A00831,A00031,2025-09-30 17:17:02,1
A00229,A00149,2025-09-30 17:27:06,1
A00989,A01087,2025-09-30 20:15:19,1
A00954,A01131,2025-09-30 23:24:10,1
A00042,A00301,2025-10-01 02:20:54,1
A00319,A00247,2025-10-01 02:54:21,1
A01173,A00824,2025-10-01 10:37:01,1
A01083,A00473,2025-10-01 12:31:03,1
A00122,A00683,2025-10-01 12:42:40,1
A00893,A00466,2025-10-01 12:52:02,1
A00909,A00337,2025-10-01 13:42:26,1
A01296,A00386,2025-10-01 17:10:48,1
A00548,A00179,2025-10-01 19:30:30,1
A00660,A00614,2025-10-01 19:53:12,1
A00033,A01060,2025-10-02 03:30:06,1
A01068,A00743,2025-10-02 04:28:14,1
A00105,A01234,2025-10-02 05:52:41,1
A01247,A00797,2025-10-02 08:08:56,1
A00992,A01008,2025-10-02 10:56:46,1
A00594,A00339,2025-10-02 12:09:39,1
A00164,A00352,2025-10-02 13:15:58,1
A00463,A00487,2025-10-02 15:43:16,1
A00065,A00062,2025-10-02 19:06:37,1
A00120,A00975,2025-10-02 22:44:28,1
A00122,A00988,2025-10-03 06:17:30,1
A01097,A00692,2025-10-03 08:52:20,1
A00467,A00942,2025-10-03 11:55:08,1
A01076,A00093,2025-10-03 12:10:49,1
A01117,A00096,2025-10-03 14:17:07,1
A00039,A00764,2025-10-03 15:34:11,1
A00340,A01060,2025-10-03 15:54:14,1
A00697,A00326,2025-10-04 02:42:53,1
A00606,A00772,2025-10-04 06:24:24,1
A01216,A01243,2025-10-04 09:24:15,1
A00614,A00504,2025-10-04 13:57:35,1
A01214,A00252,2025-10-04 15:18:09,1
A01205,A00817,2025-10-04 16:11:34,1
A00136,A01245,2025-10-04 17:10:00,1
A00618,A00003,2025-10-04 17:28:52,1
A00112,A00182,2025-10-04 19:18:16,1
A01062,A00696,2025-10-04 21:35:24,1
A00771,A00753,2025-10-05 04:09:28,1
A00799,A00938,2025-10-05 10:52:35,1
A00403,A00692,2025-10-05 12:00:34,1
A01105,A00640,2025-10-05 12:53:13,1
A00234,A00738,2025-10-05 12:53:29,1
A00373,A00228,2025-10-05 13:21:26,1
A00502,A00250,2025-10-05 13:21:46,1
A00796,A00394,2025-10-05 17:54:13,1
A00596,A00454,2025-10-05 23:50:33,1
A00358,A01117,2025-10-06 05:23:43,1
A00781,A00331,2025-10-06 06:33:06,1
A00546,A00864,2025-10-06 06:40:50,1
A00248,A01222,2025-10-06 18:58:03,1
A00065,A00897,2025-10-06 20:57:49,1
A01160,A00581,2025-10-06 23:16:18,1
A00490,A00583,2025-10-07 03:22:14,1
A00351,A01208,2025-10-07 04:36:08,1
A01270,A01294,2025-10-07 05:15:36,1
A00460,A00163,2025-10-07 07:04:27,1
A00614,A00787,2025-10-07 08:16:02,1
A00643,A00865,2025-10-07 08:32:10,1
A00320,A00069,2025-10-07 17:01:29,1
A00644,A00123,2025-10-07 18:27:11,1
A00484,A00635,2025-10-07 21:49:08,1
A00167,A00917,2025-10-08 01:11:53,1
A00796,A01272,2025-10-08 03:00:13,1
A00682,A00107,2025-10-08 05:42:19,1
A00030,A00116,2025-10-08 11:41:53,1
A00788,A01021,2025-10-08 15:21:23,1
A00022,A00642,2025-10-08 18:11:29,1
A01201,A00335,2025-10-08 20:16:03,1
A00736,A00402,2025-10-08 21:15:53,1
A00987,A00360,2025-10-08 21:33:40,1
A00296,A00417,2025-10-09 04:17:49,1
A00407,A00120,2025-10-09 11:26:39,1
A01269,A01094,2025-10-09 19:33:37,1
A00216,A00766,2025-10-10 01:10:11,1
A00185,A00963,2025-10-10 06:43:06,1
A00057,A00465,2025-10-10 09:53:53,1
A01285,A01034,2025-10-10 10:46:02,1
A00574,A00690,2025-10-10 11:39:51,1
A00658,A00670,2025-10-10 18:07:48,1
A01223,A00468,2025-10-10 18:41:54,1
A00486,A01243,2025-10-10 19:58:08,1
A00080,A00711,2025-10-10 19:59:12,1
A00705,A00732,2025-10-11 00:18:14,1
A01191,A01165,2025-10-11 02:10:42,1
A00134,A00270,2025-10-11 02:30:49,1
A00155,A00624,2025-10-11 04:52:31,1
A00689,A00834,2025-10-11 11:53:00,1
A00352,A00001,2025-10-11 12:44:41,1
A00507,A01103,2025-10-11 13:53:35,1
A01069,A01136,2025-10-11 14:00:32,1
A00651,A00059,2025-10-11 14:33:14,1
A00484,A00367,2025-10-11 14:40:04,1
A00628,A00582,2025-10-11 15:17:52,1
A00167,A00919,2025-10-11 18:29:15,1
A00791,A00785,2025-10-12 00:40:13,1
A00370,A00748,2025-10-12 01:23:08,1
A00218,A00770,2025-10-12 18:48:34,1
A00847,A00234,2025-10-13 04:48:44,1
A00681,A00776,2025-10-13 08:05:53,1
A00999,A00630,2025-10-13 09:13:18,1
A01168,A00613,2025-10-13 10:41:33,1
A00214,A01148,2025-10-13 14:50:05,1
A00842,A00285,2025-10-13 20:41:14,1
A01175,A00730,2025-10-13 23:51:49,1
A00440,A00526,2025-10-14 02:54:57,1
A00648,A00643,2025-10-14 03:42:58,1
A00833,A00287,2025-10-14 13:11:36,1
A00413,A01121,2025-10-14 16:07:04,1
A00969,A00289,2025-10-14 16:51:06,1
A00132,A00145,2025-10-14 20:10:16,1
A00902,A01225,2025-10-14 20:24:16,1
A00840,A00786,2025-10-15 02:52:56,1
A00307,A00963,2025-10-15 08:38:35,1
A00665,A00995,2025-10-15 09:06:53,1
A00250,A00001,2025-10-15 09:50:45,1
A00416,A01120,2025-10-15 10:47:16,1
A00274,A00935,2025-10-15 10:57:00,1
A00491,A00374,2025-10-15 11:06:16,1
A00597,A00754,2025-10-15 11:32:37,1
A00245,A00516,2025-10-15 17:07:53,1
A01201,A00698,2025-10-15 21:47:52,1
A00385,A01056,2025-10-16 00:59:13,1
A01234,A00031,2025-10-16 05:56:39,1
A00397,A01157,2025-10-16 19:49:43,1
A00565,A00397,2025-10-16 23:13:40,1
A00475,A00987,2025-10-17 04:22:38,1
A01227,A00181,2025-10-17 06:38:08,1
A01135,A00759,2025-10-17 07:05:10,1
A00685,A00683,2025-10-17 07:40:43,1
A00779,A00329,2025-10-17 08:38:07,1
A00555,A00607,2025-10-17 10:43:44,1
A00835,A00288,2025-10-17 13:39:29,1
A00579,A00230,2025-10-17 14:09:37,1
A00262,A00416,2025-10-17 14:33:40,1
A00029,A01156,2025-10-17 23:14:01,1
A00405,A00406,2025-10-18 00:23:59,1
A00677,A01216,2025-10-18 08:23:37,1
A01060,A00368,2025-10-18 09:52:23,1
A00741,A00806,2025-10-18 11:18:12,1
A00410,A00472,2025-10-18 21:55:27,1
A00955,A00985,2025-10-19 00:41:25,1
A00347,A00134,2025-10-19 03:07:33,1
A00915,A00814,2025-10-19 04:30:15,1
A00428,A00941,2025-10-19 08:38:09,1
A00259,A00757,2025-10-19 08:40:13,1
A00189,A00667,2025-10-19 14:06:42,1
A01090,A01262,2025-10-19 21:29:54,1
A00272,A00239,2025-10-19 23:12:02,1
A00502,A00905,2025-10-20 00:28:44,1
A01218,A01222,2025-10-20 00:35:04,1
A00242,A00025,2025-10-20 01:44:04,1
A00918,A00382,2025-10-20 03:58:01,1
A00049,A01052,2025-10-20 05:18:25,1
A01105,A00896,2025-10-20 05:52:22,1
A00737,A01029,2025-10-20 07:13:28,1
A00820,A00072,2025-10-20 08:07:17,1
A00173,A01248,2025-10-20 08:46:08,1
A01245,A00017,2025-10-20 14:26:19,1
A01040,A00120,2025-10-20 18:54:39,1
A00025,A00662,2025-10-20 21:37:22,1
A00104,A00611,2025-10-21 05:56:53,1
A01034,A00537,2025-10-21 10:32:59,1
A00455,A00263,2025-10-21 12:57:20,1
A00331,A00320,2025-10-21 13:35:21,1
A00757,A00941,2025-10-21 16:17:52,1
A00179,A00168,2025-10-21 16:30:06,1
A01216,A00392,2025-10-21 23:46:58,1
A00731,A00585,2025-10-22 02:10:43,1
A00215,A01268,2025-10-22 06:38:13,1
A00738,A00039,2025-10-22 16:10:12,1
A00841,A00632,2025-10-23 02:57:25,1
A00472,A00914,2025-10-23 07:00:13,1
A01062,A01213,2025-10-23 07:21:06,1
A01113,A00389,2025-10-23 08:11:09,1
A00272,A00183,2025-10-23 09:42:29,1
A00284,A00444,2025-10-24 00:25:03,1
A00438,A01246,2025-10-24 02:25:06,1
A01110,A00852,2025-10-24 07:00:28,1
A01001,A00134,2025-10-24 11:11:19,1
A01230,A01147,2025-10-24 16:18:22,1
A01024,A00001,2025-10-24 17:41:58,1
A00639,A00819,2025-10-24 21:39:23,1
A00916,A00369,2025-10-24 21:48:57,1
A01181,A00231,2025-10-25 05:08:24,1
A01297,A00852,2025-10-25 10:45:15,1
A00612,A00243,2025-10-25 13:35:28,1
A00043,A00310,2025-10-25 14:39:17,1
A00031,A00092,2025-10-25 15:37:35,1
A01262,A00236,2025-10-25 21:52:47,1
A00965,A00660,2025-10-25 23:20:34,1
A01210,A00650,2025-10-25 23:31:15,1
A00772,A01188,2025-10-26 00:09:17,1
A00855,A01079,2025-10-26 03:25:45,1
A00070,A00956,2025-10-26 04:36:00,1
A00997,A00921,2025-10-26 06:02:02,1
A01256,A01016,2025-10-26 07:12:26,1
A01175,A00267,2025-10-26 12:49:10,1
A01228,A00382,2025-10-26 15:08:05,1
A00136,A00476,2025-10-26 15:13:03,1
A00143,A01278,2025-10-26 16:15:26,1
A00959,A01162,2025-10-26 21:41:51,1
A00659,A00580,2025-10-27 03:10:27,1
A00312,A00421,2025-10-27 06:32:44,1
A00291,A01112,2025-10-27 20:26:10,1
A00204,A00142,2025-10-27 21:44:29,1
A00511,A00464,2025-10-28 02:05:48,1
A01047,A00722,2025-10-28 06:26:53,1
A00647,A00191,2025-10-28 10:34:30,1
A01055,A00200,2025-10-28 14:45:45,1
A00031,A00729,2025-10-28 17:43:17,1
A00747,A00349,2025-10-28 23:42:02,1
A00625,A00345,2025-10-28 23:50:49,1
A00331,A01278,2025-10-29 06:03:44,1
A00169,A00241,2025-10-29 08:32:41,1
A00940,A00543,2025-10-29 09:11:38,1
A00504,A00644,2025-10-29 21:50:13,1
A00049,A00881,2025-10-30 00:34:29,1
A00225,A00598,2025-10-30 02:40:09,1
A00524,A00880,2025-10-30 05:26:36,1
A01042,A00960,2025-10-30 07:36:06,1
A00355,A00548,2025-10-30 09:52:11,1
A01089,A01261,2025-10-30 11:38:15,1
A00020,A00211,2025-10-30 14:46:46,1
A00536,A00931,2025-10-30 14:55:05,1
A00341,A00827,2025-10-30 17:33:38,1
A00789,A00198,2025-10-31 00:28:48,1
A01182,A00350,2025-10-31 12:59:20,1
A00320,A00905,2025-10-31 13:30:00,1
A00773,A00632,2025-10-31 17:07:58,1
A01257,A00227,2025-11-01 04:34:39,1
A00315,A00057,2025-11-01 08:27:20,1
A00779,A01222,2025-11-01 09:22:23,1
A00235,A00632,2025-11-01 09:28:48,1
A00375,A01127,2025-11-01 09:55:36,1
A00937,A00008,2025-11-01 12:39:52,1
A00618,A00669,2025-11-01 13:31:26,1
A00766,A01029,2025-11-01 17:43:46,1
A01152,A01073,2025-11-01 20:39:58,1
A01163,A00480,2025-11-01 20:47:26,1
A01102,A00134,2025-11-01 21:00:08,1
A00866,A00676,2025-11-01 22:12:36,1
A00567,A01165,2025-11-01 22:24:28,1
A00629,A00684,2025-11-02 01:28:44,1
A00175,A00202,2025-11-02 04:49:29,1
A01219,A00339,2025-11-02 05:32:14,1
A01084,A00359,2025-11-02 06:54:26,1
A01139,A00775,2025-11-02 17:55:48,1
A00409,A00768,2025-11-02 19:41:00,1
A00234,A00819,2025-11-02 20:42:14,1
A00372,A00680,2025-11-02 21:02:18,1
A00850,A01230,2025-11-02 21:35:30,1
A00222,A00336,2025-11-03 05:09:13,1
A00630,A01033,2025-11-03 11:24:03,1
A00257,A00344,2025-11-03 19:45:41,1
A00129,A00949,2025-11-03 21:33:42,1
A01238,A00381,2025-11-03 21:34:52,1
A01067,A01221,2025-11-03 21:55:03,1
A00954,A00058,2025-11-03 21:55:50,1
A01194,A01150,2025-11-04 02:03:28,1
A00615,A00132,2025-11-04 05:08:32,1
A00572,A00993,2025-11-04 07:35:39,1
A00807,A00549,2025-11-04 08:45:25,1
A00392,A00306,2025-11-04 09:35:03,1
A00983,A01183,2025-11-04 10:37:37,1
A01184,A00760,2025-11-04 12:02:15,1
A00337,A00817,2025-11-04 12:03:33,1
A00266,A00434,2025-11-04 13:32:29,1
A01268,A00707,2025-11-04 15:41:27,1
A01259,A00403,2025-11-04 17:50:46,1
A01193,A00815,2025-11-05 09:15:48,1
A00856,A01166,2025-11-05 11:29:50,1
A00134,A00887,2025-11-05 15:54:56,1
A00732,A00531,2025-11-05 17:46:39,1
A00443,A01107,2025-11-05 17:49:29,1
A00880,A00157,2025-11-05 17:52:35,1
A00886,A00052,2025-11-06 00:21:03,1
A01161,A00258,2025-11-06 02:01:41,1
A00967,A00370,2025-11-06 02:23:01,1
A00740,A01132,2025-11-06 04:53:29,1
A00402,A00855,2025-11-06 07:17:22,1
A00816,A00872,2025-11-06 22:55:35,1
A00520,A00333,2025-11-07 02:12:23,1
A00512,A00960,2025-11-07 07:46:46,1
A01247,A00799,2025-11-07 11:43:15,1
A00124,A00165,2025-11-07 12:22:41,1
A00290,A01223,2025-11-07 16:04:49,1
A01288,A00649,2025-11-07 18:19:17,1
A00959,A01107,2025-11-07 18:36:44,1
A01253,A00767,2025-11-08 00:40:17,1
A00787,A00322,2025-11-08 03:14:19,1
A01186,A00368,2025-11-08 06:18:36,1
A01113,A00898,2025-11-08 12:17:32,1
A00727,A00403,2025-11-08 13:36:54,1
A00681,A00879,2025-11-08 15:26:18,1
A00436,A00271,2025-11-08 16:29:27,1
A00671,A01021,2025-11-08 16:30:50,1
A00821,A01168,2025-11-08 20:12:57,1
A00559,A00638,2025-11-09 12:50:29,1
A00747,A00228,2025-11-09 13:07:19,1
A00695,A00450,2025-11-09 14:58:13,1
A00199,A00288,2025-11-09 16:23:34,1
A00255,A00412,2025-11-09 18:44:26,1
A00286,A01282,2025-11-09 19:25:01,1
A00600,A01179,2025-11-10 00:31:55,1
A00292,A00100,2025-11-10 03:08:55,1
A01085,A01042,2025-11-10 04:19:17,1
A01072,A00689,2025-11-10 05:26:51,1
A01003,A00590,2025-11-10 08:21:46,1
A00304,A00026,2025-11-10 09:15:30,1
A00005,A01272,2025-11-10 10:33:47,1
A00850,A00754,2025-11-10 12:29:48,1
A00263,A00021,2025-11-10 18:00:00,1
A01003,A01031,2025-11-10 18:33:06,1
A01116,A00750,2025-11-10 23:28:54,1
A00151,A00076,2025-11-11 01:36:15,1
A00513,A01180,2025-11-11 01:44:59,1
A01266,A00669,2025-11-11 07:36:21,1
A00868,A00364,2025-11-11 09:24:17,1
A00778,A00858,2025-11-11 12:26:36,1
A00997,A00909,2025-11-11 22:46:13,1
A01117,A00921,2025-11-11 23:56:26,1
A01300,A00966,2025-11-12 07:19:22,1
A00215,A01079,2025-11-12 11:56:46,1
A00841,A00343,2025-11-12 16:13:09,1
A00867,A00049,2025-11-12 17:34:26,1
A00971,A00838,2025-11-12 17:45:39,1
A00369,A01125,2025-11-12 17:57:03,1
A01087,A00797,2025-11-12 21:55:18,1
A00349,A00445,2025-11-13 00:12:21,1
A00692,A00786,2025-11-13 00:39:48,1
A00018,A01268,2025-11-13 18:27:05,1
A00398,A01220,2025-11-14 01:44:48,1
A00776,A00540,2025-11-14 05:38:48,1
A00929,A00207,2025-11-14 08:54:27,1
A00970,A01169,2025-11-14 11:26:27,1
A00234,A00264,2025-11-14 15:31:27,1
A00723,A00384,2025-11-14 16:32:06,1
A00750,A00120,2025-11-14 18:39:17,1
A00918,A00850,2025-11-14 19:08:28,1
A01088,A00276,2025-11-15 00:45:35,1
A00237,A01213,2025-11-15 03:07:38,1
A00237,A00220,2025-11-15 04:37:45,1
A00798,A00896,2025-11-15 07:13:55,1
A00669,A00852,2025-11-15 13:40:04,1
A01102,A00473,2025-11-15 13:49:56,1
A00596,A00542,2025-11-15 17:40:28,1
A00055,A00273,2025-11-15 17:49:52,1
A01197,A00517,2025-11-15 20:53:51,1
A00230,A00630,2025-11-15 21:45:46,1
A00533,A00196,2025-11-16 02:20:35,1
A00435,A00963,2025-11-16 05:53:53,1
A00248,A01247,2025-11-16 12:14:57,1
A00533,A00571,2025-11-16 12:56:26,1
A00038,A01027,2025-11-16 14:13:06,1
A00813,A01222,2025-11-16 18:03:12,1
A00362,A00029,2025-11-16 19:41:57,1
A00168,A00826,2025-11-16 20:09:59,1
A00306,A01179,2025-11-16 21:18:04,1
A00442,A00942,2025-11-16 21:51:50,1
A00394,A01139,2025-11-16 23:26:38,1
A00494,A00475,2025-11-17 02:23:02,1
A00520,A00288,2025-11-17 10:26:57,1
A00317,A00334,2025-11-17 11:26:08,1
A00796,A00525,2025-11-17 16:16:31,1
A00016,A01083,2025-11-17 18:54:28,1
A00308,A01214,2025-11-17 22:09:01,1
A00471,A00087,2025-11-18 00:28:26,1
A00584,A00315,2025-11-18 01:33:22,1
A00530,A01003,2025-11-18 02:49:25,1
A00318,A00561,2025-11-18 08:30:46,1
A00702,A00667,2025-11-18 10:27:34,1
A00532,A00194,2025-11-18 11:05:00,1
A00091,A00907,2025-11-18 11:44:05,1
A01119,A00899,2025-11-18 12:36:52,1
A00317,A00669,2025-11-18 20:38:32,1
A00296,A00989,2025-11-18 23:05:45,1
A00621,A00755,2025-11-19 00:46:24,1
A00985,A00785,2025-11-19 10:02:21,1
A01115,A00892,2025-11-19 10:34:51,1
A00464,A00971,2025-11-19 15:46:04,1
A01033,A01106,2025-11-19 17:59:36,1
A00412,A01240,2025-11-19 19:02:04,1
A00377,A00731,2025-11-19 19:30:04,1
A00635,A00228,2025-11-20 02:42:52,1
A00500,A00823,2025-11-20 03:18:57,1
A00601,A01215,2025-11-20 11:03:53,1
A00306,A00954,2025-11-20 13:33:06,1
