source_account_id,target_account_id,label,neg_type
A00849,A00206,0,hard
A01257,A00204,0,random
A00306,A01214,0,random
A01051,A00376,0,random
A00406,A00853,0,random
A00358,A00860,0,hard
A00259,A00632,0,random
A00901,A01079,0,random
A00693,A01258,0,random
A00613,A00442,0,random
A00614,A00041,0,hard
A00440,A00553,0,random
A00888,A00971,0,random
A00338,A00426,0,random
A01175,A01134,0,random
A00221,A00113,0,hard
A00430,A00858,0,random
A01238,A00752,0,random
A01247,A00594,0,random
A00991,A00079,0,random
A00460,A01117,0,hard
A00389,A00345,0,random
A00580,A00668,0,random
A00914,A00093,0,random
A00243,A01079,0,random
A00012,A01122,0,hard
A00612,A00590,0,random
A00824,A00774,0,random
A00185,A00605,0,random
A01205,A00071,0,random
A00322,A00601,0,hard
A00075,A00213,0,random
A00503,A00708,0,random
A01015,A00197,0,random
A00841,A00473,0,random
A01135,A00641,0,hard
A00491,A00700,0,random
A00313,A01243,0,random
A00328,A00428,0,random
A01206,A00984,0,random
A00866,A01216,0,hard
A00554,A00339,0,random
A00128,A00170,0,random
A00804,A01021,0,random
A01197,A01252,0,random
A00784,A01077,0,hard
A00152,A01227,0,random
A00257,A00174,0,random
A00515,A00059,0,random
A00381,A00172,0,random
A00515,A00691,0,hard
A00165,A00972,0,random
A00349,A00936,0,random
A00461,A00470,0,random
A01087,A00325,0,random
A00952,A00237,0,hard
A00123,A00619,0,random
A00173,A00586,0,random
A00925,A00087,0,random
A00304,A00803,0,random
A01037,A00034,0,hard
A00711,A00562,0,random
A00429,A01036,0,random
A00602,A00880,0,random
A00837,A00678,0,random
A00575,A00836,0,hard
A00597,A00215,0,random
A00747,A00135,0,random
A01294,A00658,0,random
A00499,A01021,0,random
A01289,A00836,0,hard
A00310,A00249,0,random
A00830,A00209,0,random
A00519,A00363,0,random
A00307,A00101,0,random
A00856,A00007,0,hard
A00199,A00069,0,random
A01081,A00253,0,random
A00744,A00603,0,random
A00224,A01222,0,random
A00213,A01010,0,hard
A01210,A01109,0,random
A00441,A00753,0,random
A01028,A00440,0,random
A00401,A00728,0,random
A01013,A00758,0,hard
A01014,A00630,0,random
A00207,A00732,0,random
A01028,A00195,0,random
A00978,A00944,0,random
A01020,A00846,0,hard
A00140,A00762,0,random
A01037,A00493,0,random
A00634,A00817,0,random
A00865,A01167,0,random
A00586,A01111,0,hard
A00742,A00547,0,random
A00388,A00971,0,random
A00244,A01104,0,random
A00061,A01126,0,random
A01286,A01284,0,hard
A00347,A00283,0,random
A00615,A00019,0,random
A00858,A01189,0,random
A01061,A00366,0,random
A01170,A00294,0,hard
A00304,A00822,0,random
A00556,A00671,0,random
A01127,A00427,0,random
A00343,A00739,0,random
A00243,A00250,0,hard
A00918,A00660,0,random
A00950,A00206,0,random
A00698,A00639,0,random
A01280,A00091,0,random
A00400,A00118,0,hard
A01094,A00535,0,random
A00947,A01275,0,random
A00980,A00546,0,random
A00581,A01003,0,random
A00122,A01177,0,hard
A00904,A00395,0,random
A01188,A00558,0,random
A00532,A01019,0,random
A00233,A00490,0,random
A00449,A00049,0,hard
A00502,A00768,0,random
A00443,A00091,0,random
A00948,A00748,0,random
A00578,A01000,0,random
A00902,A00127,0,hard
A01147,A00644,0,random
A01270,A01137,0,random
A00389,A00559,0,random
A01021,A01089,0,random
A00927,A00827,0,hard
A00399,A01245,0,random
A00298,A00450,0,random
A01215,A00787,0,random
A00897,A01195,0,random
A00082,A00636,0,hard
A00833,A00253,0,random
A00067,A00418,0,random
A00716,A00349,0,random
A01119,A00722,0,random
A00384,A00308,0,hard
A00502,A00440,0,random
A00825,A00837,0,random
A00955,A00135,0,random
A00825,A00915,0,random
A00943,A00784,0,hard
A01130,A00683,0,random
A00092,A00487,0,random
A00508,A00715,0,random
A00242,A01078,0,random
A00297,A00608,0,hard
A00394,A00106,0,random
A00770,A00157,0,random
A00091,A00438,0,random
A01135,A00688,0,random
A00488,A00672,0,hard
A00307,A00873,0,random
A01143,A00849,0,random
A00226,A00386,0,random
A00751,A00444,0,random
A00112,A00391,0,hard
A01295,A00572,0,random
A01014,A00713,0,random
A00462,A00228,0,random
A00757,A01082,0,random
A00615,A00613,0,hard
A00286,A00955,0,random
A00300,A00290,0,random
A00679,A00183,0,random
A00956,A00152,0,random
A00247,A01012,0,hard
A01221,A00756,0,random
A00151,A00364,0,random
A00889,A00727,0,random
A00553,A00532,0,random
A00459,A01229,0,hard
A00767,A01015,0,random
A01092,A00039,0,random
A00472,A00216,0,random
A00433,A01033,0,random
A00205,A01290,0,hard
A01165,A00272,0,random
A01274,A00162,0,random
A00620,A00807,0,random
A00750,A01101,0,random
A01034,A01233,0,hard
A00050,A00415,0,random
A00887,A00824,0,random
A00894,A00258,0,random
A00095,A00382,0,random
A01136,A00917,0,hard
A00057,A01199,0,random
A00208,A01276,0,random
A00135,A00006,0,random
A00876,A00123,0,random
A00712,A00181,0,hard
A00742,A00003,0,random
A00813,A01039,0,random
A01169,A01146,0,random
A00877,A00670,0,random
A00048,A00046,0,hard
A00489,A00855,0,random
A01019,A01053,0,random
A00381,A00624,0,random
A00761,A01197,0,random
A00962,A01010,0,hard
A01265,A00746,0,random
A00199,A00584,0,random
A00833,A00899,0,random
A00515,A00631,0,random
A00813,A00669,0,hard
A01205,A00406,0,random
A00994,A01157,0,random
A00726,A00798,0,random
A00131,A00626,0,random
A01256,A00267,0,hard
A00703,A00439,0,random
A00310,A00915,0,random
A00343,A00133,0,random
A00354,A01029,0,random
A01169,A00143,0,hard
A01197,A00369,0,random
A00901,A00279,0,random
A00929,A00327,0,random
A01196,A00617,0,random
A00910,A01132,0,hard
A00004,A00424,0,random
A00496,A00745,0,random
A00806,A01238,0,random
A00135,A00430,0,random
A00405,A01271,0,hard
A00673,A00312,0,random
A00981,A00110,0,random
A00559,A00840,0,random
A00169,A01212,0,random
A00009,A00007,0,hard
A00952,A00907,0,random
A01279,A00853,0,random
A00578,A00260,0,random
A00721,A01249,0,random
A00798,A01296,0,hard
A00399,A01051,0,random
A00857,A00453,0,random
A01187,A01258,0,random
A00474,A00725,0,random
A00834,A00882,0,hard
A00387,A00122,0,random
A00499,A01243,0,random
A00375,A00396,0,random
A00870,A01146,0,random
A00155,A01128,0,hard
A00442,A01159,0,random
A01206,A00246,0,random
A00071,A00006,0,random
A00500,A01138,0,random
A00048,A00080,0,hard
A00767,A00294,0,random
A00038,A00130,0,random
A00650,A00075,0,random
A00961,A00737,0,random
A01040,A00587,0,hard
A00336,A01020,0,random
A00328,A00277,0,random
A01291,A00882,0,random
A00178,A01133,0,random
A01077,A01011,0,hard
A00573,A00436,0,random
A00061,A01092,0,random
A00411,A01081,0,random
A00741,A00821,0,random
A01059,A00584,0,hard
A00306,A00768,0,random
A00382,A00555,0,random
A00502,A00097,0,random
A00415,A00234,0,random
A01206,A00601,0,hard
A00231,A01032,0,random
A00891,A00203,0,random
A00960,A00709,0,random
A00559,A00443,0,random
A01029,A00892,0,hard
A00948,A00596,0,random
A00334,A00907,0,random
A00520,A00598,0,random
A00911,A01069,0,random
A00035,A00223,0,hard
A00480,A00371,0,random
A00546,A00965,0,random
A00039,A00608,0,random
A01251,A00945,0,random
A00850,A00853,0,hard
A00695,A00898,0,random
A01263,A01027,0,random
A00955,A00591,0,random
A00463,A01044,0,random
A00694,A00240,0,hard
A00362,A01298,0,random
A00857,A01273,0,random
A01029,A00553,0,random
A01181,A00585,0,random
A00466,A00281,0,hard
A00169,A01101,0,random
A01175,A00314,0,random
A00905,A00072,0,random
A00391,A00481,0,random
A01257,A00421,0,hard
A01154,A00724,0,random
A00737,A00862,0,random
A01021,A00902,0,random
A01241,A00070,0,random
A00228,A00437,0,hard
A00312,A01062,0,random
A00309,A00941,0,random
A00232,A01143,0,random
A01188,A00002,0,random
A00844,A00249,0,hard
A00371,A01209,0,random
A00206,A00509,0,random
A00405,A01143,0,random
A00632,A00019,0,random
A00079,A00686,0,hard
A01066,A00222,0,random
A00397,A00287,0,random
A00538,A00287,0,random
A00821,A01280,0,random
A00806,A00113,0,hard
A00640,A01209,0,random
A00626,A00687,0,random
A00765,A00777,0,random
A01072,A00208,0,random
A00651,A01089,0,hard
A00066,A00062,0,random
A00488,A00469,0,random
A00032,A01148,0,random
A00893,A00578,0,random
A00160,A01137,0,hard
A01276,A01290,0,random
A00766,A00458,0,random
A01168,A01106,0,random
A00461,A00208,0,random
A00648,A00126,0,hard
A01124,A00248,0,random
A00083,A01092,0,random
A00444,A01077,0,random
A00377,A00326,0,random
A00332,A00275,0,hard
A00409,A00190,0,random
A01177,A01296,0,random
A01039,A00947,0,random
A00250,A01199,0,random
A00235,A01192,0,hard
A00351,A00487,0,random
A00694,A00732,0,random
A00337,A00383,0,random
A00735,A00511,0,random
A00162,A00250,0,hard
A00554,A00890,0,random
A00466,A00490,0,random
A01279,A00415,0,random
A00161,A01224,0,random
A00350,A00767,0,hard
A00365,A01007,0,random
A00510,A00029,0,random
A00537,A00880,0,random
A00583,A00130,0,random
A00859,A00356,0,hard
A00991,A00330,0,random
A00995,A00738,0,random
A00520,A00945,0,random
A00476,A00562,0,random
A00083,A00467,0,hard
A00060,A00880,0,random
A01295,A00468,0,random
A00228,A00418,0,random
A00236,A00689,0,random
A00697,A00656,0,hard
A00746,A00947,0,random
A01181,A00910,0,random
A00652,A00797,0,random
A00664,A01210,0,random
A01218,A00923,0,hard
A00624,A01019,0,random
A00467,A01292,0,random
A00014,A00265,0,random
A00408,A00662,0,random
A00182,A00055,0,hard
A00590,A00536,0,random
A00240,A00966,0,random
A00843,A00875,0,random
A00917,A00560,0,random
A01189,A00864,0,hard
A00687,A01096,0,random
A00172,A00371,0,random
A01238,A00361,0,random
A00844,A00154,0,random
A01006,A00143,0,hard
A00483,A00675,0,random
A00511,A00940,0,random
A01162,A01164,0,random
A00836,A00430,0,random
A01282,A00131,0,hard
A00099,A00875,0,random
A00517,A00296,0,random
A00886,A00961,0,random
A00223,A00797,0,random
A01272,A00669,0,hard
A00320,A01229,0,random
A00709,A00316,0,random
A00600,A01131,0,random
A01072,A00549,0,random
A00672,A00836,0,hard
A00555,A00176,0,random
A00668,A00086,0,random
A00145,A00662,0,random
A00218,A00847,0,random
A00439,A01054,0,hard
A00413,A00976,0,random
A00482,A00103,0,random
A00784,A00538,0,random
A01258,A00114,0,random
A00785,A00458,0,hard
A00213,A01121,0,random
A00761,A00443,0,random
A00236,A00898,0,random
A00742,A00145,0,random
A01300,A00648,0,hard
A00419,A00737,0,random
A00464,A00703,0,random
A00197,A00271,0,random
A00158,A00217,0,random
A00371,A00943,0,hard
A00849,A00868,0,random
A00911,A00388,0,random
A01117,A00848,0,random
A00026,A01024,0,random
A00300,A00530,0,hard
A01221,A00248,0,random
A01293,A00603,0,random
A00284,A00906,0,random
A01066,A00975,0,random
A01204,A00490,0,hard
A00678,A01107,0,random
A00576,A01145,0,random
A00041,A00765,0,random
A00960,A00789,0,random
A00492,A00130,0,hard
A00494,A00631,0,random
A00593,A01096,0,random
A00407,A01147,0,random
A00015,A00840,0,random
A01095,A01164,0,hard
A00104,A01154,0,random
A00183,A00950,0,random
A00305,A00547,0,random
A00366,A00039,0,random
A00950,A01039,0,hard
A00798,A00492,0,random
A00310,A00110,0,random
A00537,A01224,0,random
A00117,A01176,0,random
A00788,A00394,0,hard
A00919,A00001,0,random
A01281,A00474,0,random
A00155,A00542,0,random
A00154,A00282,0,random
A00994,A00446,0,hard
A00258,A00858,0,random
A00257,A00507,0,random
A00468,A00331,0,random
A00212,A00614,0,random
A00785,A00250,0,hard
A00817,A00883,0,random
A00125,A00733,0,random
A00910,A00993,0,random
A00854,A00575,0,random
A01216,A01205,0,hard
A00501,A00514,0,random
A00734,A00702,0,random
A00959,A00694,0,random
A00529,A00066,0,random
A00048,A01122,0,hard
A00254,A00470,0,random
A00912,A00455,0,random
A00538,A00320,0,random
A00503,A00483,0,random
A00509,A00810,0,hard
A00500,A01106,0,random
A01168,A00432,0,random
A00967,A00907,0,random
A00334,A00794,0,random
A00793,A00051,0,hard
A00231,A00877,0,random
A00568,A00598,0,random
A00372,A00512,0,random
A01205,A00609,0,random
A00643,A00614,0,hard
A00401,A00091,0,random
A00931,A00981,0,random
A00182,A00171,0,random
A00288,A00782,0,random
A00980,A00799,0,hard
A01229,A00280,0,random
A00749,A00093,0,random
A00205,A00935,0,random
A00361,A00070,0,random
A00541,A01153,0,hard
A00789,A00144,0,random
A00055,A01252,0,random
A01169,A00838,0,random
A00163,A00102,0,random
A00267,A01217,0,hard
A00697,A00328,0,random
A01031,A00246,0,random
A00746,A00626,0,random
A00452,A00004,0,random
A00803,A01261,0,hard
A00375,A00113,0,random
A00084,A01193,0,random
A00668,A01196,0,random
A00889,A01223,0,random
A00922,A00909,0,hard
A00072,A00066,0,random
A00612,A00187,0,random
A01276,A00706,0,random
A00998,A01191,0,random
A01085,A00404,0,hard
A00888,A00454,0,random
A01067,A01137,0,random
A00112,A00079,0,random
A00735,A00244,0,random
A01090,A00824,0,hard
A01225,A00485,0,random
A00936,A01142,0,random
A00430,A00089,0,random
A00191,A00200,0,random
A01290,A00195,0,hard
A00565,A01183,0,random
A00920,A00714,0,random
A01197,A01040,0,random
A00560,A00541,0,random
A00927,A00231,0,hard
A00801,A00836,0,random
A00887,A00807,0,random
A00177,A00208,0,random
A00552,A01082,0,random
A00939,A00085,0,hard
A01296,A00094,0,random
A00348,A01052,0,random
A00159,A01208,0,random
A00084,A00388,0,random
A00950,A00468,0,hard
A00916,A00241,0,random
A00328,A00287,0,random
A00335,A01202,0,random
A00202,A01038,0,random
A00614,A01224,0,hard
A00167,A00429,0,random
A01111,A00867,0,random
A00810,A01044,0,random
A01138,A01195,0,random
A01249,A01277,0,hard
A00207,A00824,0,random
A00471,A00335,0,random
A00527,A01298,0,random
A01107,A01296,0,random
A00835,A00141,0,hard
A00722,A00039,0,random
A00302,A00696,0,random
A00301,A00355,0,random
A00244,A00089,0,random
A00674,A00645,0,hard
A00773,A00482,0,random
A00785,A00709,0,random
A00943,A01213,0,random
A00972,A00148,0,random
A00328,A00121,0,hard
A00454,A01047,0,random
A00154,A00201,0,random
A00914,A00899,0,random
A00082,A01205,0,random
A00291,A00077,0,hard
A00846,A00449,0,random
A00730,A01004,0,random
A00555,A00720,0,random
A00298,A00236,0,random
A00666,A00421,0,hard
A00361,A00966,0,random
A01083,A00371,0,random
A01165,A00744,0,random
A00474,A00804,0,random
A00895,A00869,0,hard
A00635,A00738,0,random
A00894,A00645,0,random
A00798,A00160,0,random
A00672,A00418,0,random
A00304,A00254,0,hard
A01047,A00947,0,random
A01136,A00664,0,random
A00589,A00766,0,random
A00868,A00784,0,random
A01188,A01038,0,hard
A00084,A00426,0,random
A00585,A00795,0,random
A00227,A00999,0,random
A00694,A00047,0,random
A01257,A01246,0,hard
A01069,A00898,0,random
A00919,A00771,0,random
A00550,A00066,0,random
A00512,A00919,0,random
A00177,A00957,0,hard
A00068,A00365,0,random
A01124,A01085,0,random
A00551,A00217,0,random
A00428,A01207,0,random
A00341,A00454,0,hard
A01080,A00407,0,random
A00722,A01116,0,random
A00108,A00883,0,random
A00110,A00021,0,random
A01103,A00594,0,hard
A00869,A00972,0,random
A00148,A00523,0,random
A00325,A00439,0,random
A00926,A00738,0,random
A00513,A00497,0,hard
A00359,A00847,0,random
A00993,A01173,0,random
A00659,A00033,0,random
A00411,A00602,0,random
A00414,A00866,0,hard
A01273,A00865,0,random
A01029,A00008,0,random
A01006,A01005,0,random
A00879,A00721,0,random
A00480,A00027,0,hard
A00316,A00470,0,random
A00637,A00122,0,random
A00284,A00059,0,random
A01223,A00923,0,random
A00272,A00194,0,hard
A01161,A00661,0,random
A00964,A00503,0,random
A00059,A00048,0,random
A00390,A00238,0,random
A00784,A00261,0,hard
A00056,A01212,0,random
A00684,A01137,0,random
A00008,A00405,0,random
A00943,A00220,0,random
A00468,A00637,0,hard
A00277,A00556,0,random
A00399,A00018,0,random
A00795,A01124,0,random
A00673,A00862,0,random
A00417,A00130,0,hard
A00451,A00759,0,random
A00642,A00862,0,random
A00941,A00926,0,random
A00382,A00832,0,random
A00723,A00404,0,hard
A01065,A00434,0,random
A01082,A00409,0,random
A00446,A00222,0,random
A00933,A01280,0,random
A00901,A00758,0,hard
A00049,A00071,0,random
A00356,A01199,0,random
A00539,A01061,0,random
A00514,A00658,0,random
A01159,A00777,0,hard
A00391,A00826,0,random
A00409,A00194,0,random
A00233,A00465,0,random
A00600,A00236,0,random
A00499,A00758,0,hard
A01068,A00266,0,random
A00632,A01045,0,random
A00186,A00637,0,random
A00820,A00087,0,random
A00272,A00355,0,hard
A01055,A01146,0,random
A01289,A00679,0,random
A00385,A01086,0,random
A00073,A00912,0,random
A00031,A00562,0,hard
A00135,A00243,0,random
A00158,A00468,0,random
A00376,A00968,0,random
A00088,A00670,0,random
A01136,A00117,0,hard
A00744,A01130,0,random
A00431,A00205,0,random
A01075,A01040,0,random
A00497,A01003,0,random
A00461,A00001,0,hard
A00500,A00565,0,random
A01001,A01167,0,random
A00021,A00515,0,random
A00858,A01193,0,random
A00768,A00497,0,hard
A00495,A00885,0,random
A00158,A00821,0,random
A00627,A00050,0,random
A00664,A01058,0,random
A00213,A01249,0,hard
A01165,A00887,0,random
A00017,A01034,0,random
A00534,A00527,0,random
A01161,A01037,0,random
A01090,A01147,0,hard
A00900,A00321,0,random
A00815,A00323,0,random
A01001,A00833,0,random
A00230,A00464,0,random
A01090,A01276,0,hard
A00302,A00838,0,random
A00829,A00281,0,random
A00790,A01152,0,random
A01162,A00848,0,random
A00315,A00070,0,hard
A00362,A00718,0,random
A00641,A00532,0,random
A01195,A01005,0,random
A00897,A01079,0,random
A00179,A00465,0,hard
A01202,A01266,0,random
A00899,A00063,0,random
A00047,A00608,0,random
A00694,A00367,0,random
A00901,A00927,0,hard
A01022,A00747,0,random
A00859,A00106,0,random
A00690,A00633,0,random
A01095,A01110,0,random
A00167,A00948,0,hard
A01060,A01161,0,random
A01123,A00129,0,random
A00386,A00266,0,random
A00152,A00509,0,random
A01182,A00408,0,hard
A00213,A00374,0,random
A00004,A00157,0,random
A00766,A01262,0,random
A00942,A00031,0,random
A01076,A00760,0,hard
A01185,A00434,0,random
A01205,A00702,0,random
A00013,A00407,0,random
A00579,A01134,0,random
A00797,A01196,0,hard
A01111,A01035,0,random
A00499,A00654,0,random
A00635,A01196,0,random
A00614,A00310,0,random
A00296,A00767,0,hard
A00001,A01151,0,random
A00732,A00222,0,random
A00128,A00704,0,random
A00346,A00695,0,random
A00781,A01263,0,hard
A00031,A01216,0,random
A01265,A00083,0,random
A00786,A00601,0,random
A01256,A01240,0,random
A00800,A00199,0,hard
A01156,A01069,0,random
A00542,A00376,0,random
A01242,A00641,0,random
A01023,A00511,0,random
A00776,A00499,0,hard
A01136,A00340,0,random
A00403,A00298,0,random
A00355,A00252,0,random
A01133,A00087,0,random
A00967,A00239,0,hard
A01049,A01295,0,random
A00196,A00331,0,random
A00841,A00963,0,random
A00147,A00292,0,random
A00206,A00535,0,hard
A00406,A00280,0,random
A00670,A00460,0,random
A00815,A00876,0,random
A00167,A01091,0,random
A01083,A00029,0,hard
A00509,A00684,0,random
A00318,A00244,0,random
A01190,A01226,0,random
A00921,A00843,0,random
A00024,A00197,0,hard
A00531,A00400,0,random
A00385,A00351,0,random
A00991,A00212,0,random
A01205,A00791,0,random
A01146,A00292,0,hard
A01180,A01215,0,random
A00239,A00891,0,random
A00710,A01282,0,random
A00864,A01295,0,random
A00289,A01105,0,hard
A01276,A00461,0,random
A00666,A00404,0,random
A01026,A00362,0,random
A00960,A00274,0,random
A00583,A00543,0,hard
A00747,A01295,0,random
A00869,A01039,0,random
A00837,A00327,0,random
A01178,A01232,0,random
A01102,A00391,0,hard
A00923,A00580,0,random
A00554,A01293,0,random
A00014,A00132,0,random
A01081,A00549,0,random
A01109,A00826,0,hard
A00794,A00739,0,random
A01299,A00129,0,random
A01072,A00045,0,random
A00961,A01194,0,random
A00129,A00384,0,hard
A00680,A00556,0,random
A00989,A01274,0,random
A01251,A01259,0,random
A00612,A00314,0,random
A00585,A00900,0,hard
A00031,A01211,0,random
A01245,A00931,0,random
A00533,A00642,0,random
A01191,A00676,0,random
A00993,A01216,0,hard
A00102,A00466,0,random
A00191,A00433,0,random
A00051,A00366,0,random
A00383,A00572,0,random
A00199,A01147,0,hard
A00051,A01195,0,random
A00649,A01030,0,random
A00879,A01269,0,random
A00178,A00141,0,random
A00679,A01179,0,hard
A00931,A01097,0,random
A00168,A01011,0,random
A00350,A00446,0,random
A01006,A00799,0,random
A01147,A00211,0,hard
A00707,A00246,0,random
A00429,A00823,0,random
A01011,A00294,0,random
A01067,A00190,0,random
A00812,A01079,0,hard
A00849,A01155,0,random
A01237,A00911,0,random
A01032,A00307,0,random
A00719,A00692,0,random
A01089,A01274,0,hard
A01143,A00616,0,random
A00041,A00442,0,random
A00031,A00118,0,random
A00765,A00616,0,random
A01101,A00044,0,hard
A00765,A00663,0,random
A01118,A01129,0,random
A00652,A00138,0,random
A00950,A00078,0,random
A00671,A01196,0,hard
A00433,A01178,0,random
A00091,A00214,0,random
A01125,A00168,0,random
A00607,A00886,0,random
A01269,A00263,0,hard
A00717,A01132,0,random
A00586,A00478,0,random
A01039,A00704,0,random
A00879,A00413,0,random
A00903,A00203,0,hard
A00374,A00925,0,random
A01225,A01064,0,random
A00393,A01095,0,random
A00584,A00178,0,random
A00064,A00467,0,hard
A00505,A00761,0,random
A00186,A01103,0,random
A00899,A01232,0,random
A00195,A00204,0,random
A00736,A00635,0,hard
A00208,A00290,0,random
A00048,A01245,0,random
A01241,A01256,0,random
A00381,A00023,0,random
A00962,A00108,0,hard
A00300,A00736,0,random
A00111,A00872,0,random
A00067,A00609,0,random
A00136,A01054,0,random
A00588,A01253,0,hard
A00848,A00157,0,random
A00517,A00617,0,random
A01070,A00327,0,random
A00053,A00943,0,random
A00515,A00283,0,hard
A01249,A00295,0,random
A01166,A01237,0,random
A01009,A00611,0,random
A00760,A01258,0,random
A00434,A00904,0,hard
A01211,A00247,0,random
A00475,A00899,0,random
A01178,A01127,0,random
A00569,A00507,0,random
A01101,A00537,0,hard
A01029,A00890,0,random
A00350,A00913,0,random
A01196,A00950,0,random
A00671,A00547,0,random
A01200,A00360,0,hard
A01237,A01066,0,random
A01038,A00347,0,random
A00748,A00128,0,random
A01038,A00454,0,random
A01276,A00237,0,hard
A00955,A00024,0,random
A00337,A00318,0,random
A00608,A00464,0,random
A01149,A00862,0,random
A00081,A00893,0,hard
A00678,A00322,0,random
A00239,A01267,0,random
A00277,A00691,0,random
A00434,A00256,0,random
A01212,A00304,0,hard
A00177,A01259,0,random
A01050,A01192,0,random
A00461,A00479,0,random
A00895,A01009,0,random
A01183,A00335,0,hard
A00434,A00002,0,random
A00390,A00315,0,random
A00101,A00495,0,random
A01134,A00413,0,random
A00788,A00615,0,hard
A01035,A01251,0,random
A00768,A00136,0,random
A01232,A00670,0,random
A00341,A00791,0,random
A01220,A00435,0,hard
A00525,A00589,0,random
A00294,A00310,0,random
A01173,A00813,0,random
A00030,A01187,0,random
A00019,A01236,0,hard
A00864,A00038,0,random
A00284,A01062,0,random
A00979,A01298,0,random
A00299,A00134,0,random
A00127,A00181,0,hard
A01279,A01008,0,random
A01015,A00709,0,random
A00500,A00612,0,random
A00998,A00494,0,random
A00294,A00669,0,hard
A00794,A01146,0,random
A00685,A01005,0,random
A00740,A00894,0,random
A00007,A00266,0,random
A00306,A01065,0,hard
A01186,A00118,0,random
A00200,A00939,0,random
A00878,A00420,0,random
A00172,A00786,0,random
A01037,A00745,0,hard
A00484,A00660,0,random
A00154,A01076,0,random
A00339,A00460,0,random
A00143,A00671,0,random
A00677,A00828,0,hard
A01267,A00343,0,random
A01230,A00222,0,random
A00255,A00427,0,random
A00630,A01191,0,random
A00546,A00633,0,hard
A00243,A00792,0,random
A01096,A01119,0,random
A00992,A01226,0,random
A00158,A01059,0,random
A01227,A01065,0,hard
A00598,A00262,0,random
A00352,A00023,0,random
A01088,A00400,0,random
A00378,A00619,0,random
A00233,A00255,0,hard
A00161,A01143,0,random
A01255,A00118,0,random
A00728,A00396,0,random
A01286,A00442,0,random
A00066,A00251,0,hard
A00343,A00470,0,random
A01098,A00258,0,random
A01145,A00933,0,random
A00604,A00627,0,random
A01160,A00920,0,hard
A01021,A00874,0,random
A00135,A00623,0,random
A00410,A00179,0,random
A00491,A00610,0,random
A01050,A00617,0,hard
A00711,A01298,0,random
A00823,A00125,0,random
A01275,A01278,0,random
A00171,A00784,0,random
A00967,A00523,0,hard
A00903,A00868,0,random
A00611,A00565,0,random
A01198,A00359,0,random
A00703,A00643,0,random
A00744,A00173,0,hard
A00023,A00933,0,random
A00276,A00251,0,random
A00304,A00457,0,random
A00119,A00870,0,random
A00910,A00970,0,hard
A00543,A01265,0,random
A00280,A01035,0,random
A00428,A00962,0,random
A00546,A00089,0,random
A00169,A01038,0,hard
A00895,A00452,0,random
A00965,A00327,0,random
A00996,A00124,0,random
A00963,A00386,0,random
A00293,A00478,0,hard
A01182,A00586,0,random
A00936,A00114,0,random
A00842,A00964,0,random
A00848,A00573,0,random
A01168,A00461,0,hard
A01049,A00414,0,random
A01174,A00302,0,random
A01195,A00666,0,random
A01112,A00860,0,random
A00282,A00817,0,hard
A00848,A00216,0,random
A01251,A00012,0,random
A01200,A00443,0,random
A00502,A00006,0,random
A00259,A00042,0,hard
A01050,A01129,0,random
A00052,A00319,0,random
A00849,A00152,0,random
A00147,A00766,0,random
A00253,A01274,0,hard
A01160,A00644,0,random
A00117,A00476,0,random
A00929,A00302,0,random
A00890,A01223,0,random
A00040,A01022,0,hard
A00939,A00772,0,random
A01200,A00269,0,random
A00362,A00421,0,random
A00094,A00994,0,random
A00689,A00847,0,hard
A00095,A00526,0,random
A00475,A01095,0,random
A00068,A00983,0,random
A00209,A00459,0,random
A00694,A00774,0,hard
A00655,A01266,0,random
A00351,A00416,0,random
A00291,A00128,0,random
A00527,A00578,0,random
A00106,A00084,0,hard
A00499,A00960,0,random
A00026,A01298,0,random
A00683,A00017,0,random
A00260,A01264,0,random
A00468,A00581,0,hard
A00557,A00590,0,random
A00600,A00595,0,random
A01295,A00239,0,random
A00552,A00591,0,random
A01288,A00872,0,hard
A00916,A00134,0,random
A00891,A00164,0,random
A01069,A00655,0,random
A01162,A00206,0,random
A00503,A01279,0,hard
A00128,A00412,0,random
A00857,A01172,0,random
A00266,A01113,0,random
A00040,A00626,0,random
A01175,A00350,0,hard
A00779,A01013,0,random
A01055,A00789,0,random
A00551,A00689,0,random
A00140,A00204,0,random
A00352,A00082,0,hard
A00186,A01020,0,random
A01079,A00001,0,random
A01180,A00640,0,random
A01003,A00450,0,random
A00751,A00671,0,hard
A00159,A00698,0,random
A00398,A00260,0,random
A00229,A00529,0,random
A00658,A00401,0,random
A00722,A00140,0,hard
A01084,A00502,0,random
A00763,A01230,0,random
A01163,A01269,0,random
A00223,A00661,0,random
A00735,A00228,0,hard
A00007,A00303,0,random
A01139,A01230,0,random
A01151,A00912,0,random
A01111,A01072,0,random
A00921,A00385,0,hard
A01045,A00639,0,random
A01189,A00702,0,random
A00847,A01211,0,random
A00823,A01033,0,random
A00838,A01191,0,hard
A00876,A00991,0,random
A00331,A01140,0,random
A00036,A00293,0,random
A01150,A01026,0,random
A00386,A01061,0,hard
A00569,A00326,0,random
A01211,A01082,0,random
A01103,A00270,0,random
A00920,A00464,0,random
A00329,A01119,0,hard
A01268,A01266,0,random
A00213,A00390,0,random
A00531,A00035,0,random
A00112,A00168,0,random
A00016,A00903,0,hard
A01298,A00711,0,random
A00171,A01107,0,random
A00358,A00168,0,random
A00216,A00601,0,random
A00067,A00875,0,hard
A00635,A01235,0,random
A01000,A00706,0,random
A00560,A00287,0,random
A00524,A00720,0,random
A00136,A00932,0,hard
A01048,A00631,0,random
A00765,A00359,0,random
A00227,A00678,0,random
A00892,A00501,0,random
A01203,A00023,0,hard
A00752,A00396,0,random
A00642,A00570,0,random
A00070,A00254,0,random
A00283,A01282,0,random
A00262,A00536,0,hard
A00244,A00395,0,random
A00547,A01299,0,random
A00076,A01065,0,random
A00736,A01300,0,random
A01121,A00281,0,hard
A01293,A00505,0,random
A00474,A01155,0,random
A01266,A00390,0,random
A00165,A01125,0,random
A00155,A01015,0,hard
A00597,A00201,0,random
A01098,A00797,0,random
A00187,A00101,0,random
A00449,A00450,0,random
A00986,A00198,0,hard
A00877,A00606,0,random
A01218,A00450,0,random
A01259,A00982,0,random
A00423,A00161,0,random
A00646,A00631,0,hard
A00377,A01213,0,random
A00450,A00559,0,random
A00238,A01205,0,random
A00858,A00788,0,random
A01171,A01080,0,hard
A01158,A01234,0,random
A00221,A00063,0,random
A00796,A00805,0,random
A01287,A00258,0,random
A00332,A01108,0,hard
A01224,A00734,0,random
A01032,A00950,0,random
A00009,A00353,0,random
A00746,A00618,0,random
A00825,A01284,0,hard
A00299,A01238,0,random
A00701,A00557,0,random
A00782,A00083,0,random
A00464,A00359,0,random
A01027,A00162,0,hard
A00206,A01036,0,random
A00419,A00998,0,random
A00465,A01297,0,random
A00002,A00576,0,random
A00937,A01225,0,hard
A00448,A00873,0,random
A00011,A00502,0,random
A00997,A00701,0,random
A00990,A00515,0,random
A00552,A00130,0,hard
A00193,A00066,0,random
A00308,A01012,0,random
A01273,A00269,0,random
A00371,A00507,0,random
A00716,A00045,0,hard
A00187,A00249,0,random
A00597,A00605,0,random
A00290,A00029,0,random
A00286,A01227,0,random
A00767,A00222,0,hard
A00094,A00079,0,random
A00937,A00164,0,random
A00595,A01299,0,random
A00760,A00910,0,random
A01215,A00073,0,hard
A01095,A00855,0,random
A00980,A01091,0,random
A00576,A01078,0,random
A00349,A00761,0,random
A00532,A00774,0,hard
A00774,A00798,0,random
A00864,A01300,0,random
A00296,A01095,0,random
A00999,A00559,0,random
A00544,A00839,0,hard
A00565,A00823,0,random
A00006,A00501,0,random
A00177,A00256,0,random
A00347,A00514,0,random
A00174,A00569,0,hard
A01196,A00480,0,random
A00729,A01144,0,random
A00429,A00853,0,random
A00207,A00317,0,random
A00745,A00474,0,hard
A00912,A00146,0,random
A00120,A00675,0,random
A00977,A01003,0,random
A00462,A00237,0,random
A00415,A01073,0,hard
A00243,A00723,0,random
A00899,A00132,0,random
A00044,A00661,0,random
A00497,A00803,0,random
A00183,A00859,0,hard
A00641,A01012,0,random
A00912,A00432,0,random
A00643,A00012,0,random
A00401,A00029,0,random
A00267,A00062,0,hard
A00372,A01027,0,random
A00955,A00873,0,random
A00951,A00333,0,random
A00866,A00868,0,random
A00417,A00157,0,hard
A01071,A00131,0,random
A00006,A00077,0,random
A00436,A01270,0,random
A01180,A00945,0,random
A00254,A00828,0,hard
A00844,A00891,0,random
A00948,A01241,0,random
A01026,A00785,0,random
A01076,A00746,0,random
A01175,A00503,0,hard
A00831,A00281,0,random
A00843,A01135,0,random
A00815,A01087,0,random
A00520,A00845,0,random
A00014,A01036,0,hard
A00982,A00790,0,random
A00886,A00106,0,random
A00957,A00560,0,random
A00068,A00934,0,random
A00646,A00306,0,hard
A00922,A00217,0,random
A00429,A00165,0,random
A00413,A01167,0,random
A00644,A00503,0,random
A01254,A00215,0,hard
A00973,A00383,0,random
A00035,A00821,0,random
A00905,A00619,0,random
A00603,A00210,0,random
A00031,A00893,0,hard
A00409,A00656,0,random
A01265,A00226,0,random
A00206,A00253,0,random
A00860,A00671,0,random
A01086,A00544,0,hard
A00999,A01088,0,random
A00762,A01142,0,random
A00946,A00358,0,random
A00056,A00357,0,random
A01014,A00278,0,hard
A00831,A00489,0,random
A00311,A00055,0,random
A00001,A01101,0,random
A01286,A00693,0,random
A01226,A00894,0,hard
A00250,A00490,0,random
A01216,A00235,0,random
A00468,A01190,0,random
A00274,A00034,0,random
A00073,A00633,0,hard
A00079,A00446,0,random
A00772,A00260,0,random
A00044,A00577,0,random
A00507,A01085,0,random
A00685,A00996,0,hard
A00239,A00815,0,random
A01269,A00319,0,random
A00687,A00140,0,random
A00927,A00398,0,random
A00777,A00102,0,hard
A00152,A00216,0,random
A01257,A00314,0,random
A00222,A01069,0,random
A00004,A00010,0,random
A00243,A00886,0,hard
A00300,A00938,0,random
A00783,A00669,0,random
A01006,A01280,0,random
A01059,A00641,0,random
A00267,A00654,0,hard
A00395,A01075,0,random
A01217,A01210,0,random
A00573,A01088,0,random
A00426,A00993,0,random
A00233,A00108,0,hard
A00372,A00583,0,random
A00173,A00817,0,random
A01104,A00824,0,random
A00085,A00463,0,random
A01120,A00695,0,hard
A00773,A00043,0,random
A00580,A00086,0,random
A01099,A00154,0,random
A00999,A00285,0,random
A00327,A00214,0,hard
A00645,A00850,0,random
A01244,A00930,0,random
A00081,A01259,0,random
A00573,A00434,0,random
A00859,A00972,0,hard
A00803,A00596,0,random
A00387,A01198,0,random
A00800,A00838,0,random
A01161,A00687,0,random
A00171,A00909,0,hard
A00363,A00070,0,random
A00585,A00023,0,random
A00857,A00877,0,random
A00423,A00577,0,random
A00277,A01003,0,hard
A00688,A00420,0,random
A00347,A00635,0,random
A01177,A00134,0,random
A00552,A00006,0,random
A00411,A00287,0,hard
A00509,A00291,0,random
A00958,A00428,0,random
A00156,A01083,0,random
A00828,A00637,0,random
A00462,A00877,0,hard
A00665,A00169,0,random
A00747,A00648,0,random
A00986,A00154,0,random
A01177,A00209,0,random
A00367,A01248,0,hard
A00670,A00045,0,random
A00029,A00800,0,random
A00323,A00430,0,random
A01269,A00420,0,random
A01204,A01153,0,hard
A00105,A00489,0,random
A00540,A00797,0,random
A00900,A01134,0,random
A01134,A00074,0,random
A00286,A00441,0,hard
A00043,A00680,0,random
A00546,A01094,0,random
A00310,A00842,0,random
A00538,A00459,0,random
A00333,A00165,0,hard
A00528,A00442,0,random
A00522,A00712,0,random
A00242,A00860,0,random
A01044,A00708,0,random
A00410,A00461,0,hard
A00430,A00670,0,random
A00116,A00235,0,random
A00040,A00303,0,random
A01221,A00385,0,random
A00802,A00014,0,hard
A00894,A00057,0,random
A00672,A00019,0,random
A00877,A00904,0,random
A00558,A00445,0,random
A00312,A00881,0,hard
A00978,A00896,0,random
A00638,A00046,0,random
A00612,A00123,0,random
A00638,A01138,0,random
A00421,A00510,0,hard
A00273,A00943,0,random
A01139,A01024,0,random
A00448,A01019,0,random
A00091,A01275,0,random
A00786,A00524,0,hard
A00894,A00214,0,random
A00893,A00706,0,random
A00910,A00277,0,random
A00252,A00102,0,random
A01188,A00722,0,hard
A00585,A00590,0,random
A00903,A00012,0,random
A01144,A00382,0,random
A00339,A00133,0,random
A01256,A00836,0,hard
A00105,A01130,0,random
A01269,A00286,0,random
A01222,A00512,0,random
A01026,A00674,0,random
A00265,A00844,0,hard
A00612,A00890,0,random
A01242,A00799,0,random
A00478,A00450,0,random
A01250,A00730,0,random
A00039,A00276,0,hard
A00862,A00225,0,random
A00092,A00088,0,random
A00699,A00271,0,random
A00052,A01295,0,random
A00145,A00910,0,hard
A00602,A00677,0,random
A00962,A01160,0,random
A00847,A00773,0,random
A00031,A00106,0,random
A00057,A00288,0,hard
A00576,A00777,0,random
A00342,A00461,0,random
A00817,A00483,0,random
A00757,A00820,0,random
A00743,A00296,0,hard
A00763,A00943,0,random
A00340,A00190,0,random
A00459,A00056,0,random
A00600,A00494,0,random
A00155,A01206,0,hard
A00172,A01168,0,random
A00381,A01256,0,random
A00539,A00987,0,random
A00666,A00595,0,random
A01107,A01003,0,hard
A00113,A01112,0,random
A00522,A00965,0,random
A00720,A00700,0,random
A00769,A00246,0,random
A01089,A00982,0,hard
A01251,A00002,0,random
A01165,A00198,0,random
A00228,A00248,0,random
A01265,A00092,0,random
A01233,A00034,0,hard
A01288,A00497,0,random
A00414,A00403,0,random
A00105,A01096,0,random
A00416,A00200,0,random
A01184,A00944,0,hard
A00728,A01026,0,random
A00626,A00859,0,random
A00345,A00499,0,random
A01064,A00587,0,random
A00641,A01200,0,hard
A01009,A00193,0,random
A00526,A00647,0,random
A00010,A00530,0,random
A00066,A00847,0,random
A00035,A00779,0,hard
A01012,A01159,0,random
A01069,A00897,0,random
A00006,A01119,0,random
A01197,A00750,0,random
A00768,A01108,0,hard
A00001,A00226,0,random
A00309,A00511,0,random
A00613,A00642,0,random
A00676,A00613,0,random
A00201,A00376,0,hard
A00812,A00198,0,random
A01017,A01259,0,random
A01166,A00634,0,random
A01104,A00954,0,random
A00880,A00810,0,hard
A00401,A00531,0,random
A00484,A00108,0,random
A00917,A00777,0,random
A01265,A00497,0,random
A00191,A00867,0,hard
A01008,A00576,0,random
A00058,A00546,0,random
A00820,A00646,0,random
A00766,A00807,0,random
A01253,A00819,0,hard
A00589,A00216,0,random
A01106,A01290,0,random
A00592,A00894,0,random
A01250,A00722,0,random
A00738,A01048,0,hard
A00971,A00247,0,random
A00280,A01249,0,random
A01200,A00201,0,random
A00638,A00841,0,random
A00490,A00118,0,hard
A00112,A00535,0,random
A00094,A00737,0,random
A00790,A00681,0,random
A01021,A00226,0,random
A00985,A01104,0,hard
A01272,A00450,0,random
A00202,A00350,0,random
A00954,A00350,0,random
A00627,A01287,0,random
A00269,A00446,0,hard
A00259,A00092,0,random
A01104,A00625,0,random
A00057,A00606,0,random
A00088,A00871,0,random
A01077,A01000,0,hard
A01022,A00984,0,random
A00401,A00315,0,random
A01273,A01156,0,random
A00372,A00353,0,random
A00860,A00404,0,hard
A01262,A01144,0,random
A00874,A00782,0,random
A01050,A01153,0,random
A00027,A00378,0,random
A00687,A00755,0,hard
A00949,A01293,0,random
A00771,A00241,0,random
A00786,A00109,0,random
A01202,A01114,0,random
A00943,A01081,0,hard
A01045,A01177,0,random
A01100,A00099,0,random
A00007,A00014,0,random
A00089,A00137,0,random
A01034,A00013,0,hard
A00585,A01201,0,random
A00512,A00757,0,random
A00901,A00489,0,random
A00840,A00878,0,random
A00021,A01122,0,hard
A00512,A00528,0,random
A00688,A01245,0,random
A00947,A01201,0,random
A00754,A01089,0,random
A00732,A01176,0,hard
A00221,A01298,0,random
A00941,A00996,0,random
A00043,A00472,0,random
A01044,A00646,0,random
A00825,A00062,0,hard
A00564,A01200,0,random
A00063,A00675,0,random
A00655,A00574,0,random
A00379,A00371,0,random
A01073,A00859,0,hard
A00782,A01215,0,random
A00811,A00550,0,random
A01240,A00832,0,random
A00188,A00811,0,random
A01084,A01016,0,hard
A00471,A00502,0,random
A00873,A01022,0,random
A01122,A01037,0,random
A01013,A01161,0,random
A01148,A00036,0,hard
A00345,A01042,0,random
A01091,A00247,0,random
A00694,A01240,0,random
A00081,A00336,0,random
A00245,A00994,0,hard
A00890,A01253,0,random
A00272,A00401,0,random
A00556,A01195,0,random
A00570,A00329,0,random
A00481,A01108,0,hard
A00439,A00334,0,random
A00685,A01097,0,random
A01275,A01224,0,random
A01073,A01108,0,random
A01130,A01082,0,hard
A00629,A00713,0,random
A00757,A00958,0,random
A01261,A00562,0,random
A00204,A00104,0,random
A01017,A01100,0,hard
A01157,A01272,0,random
A01260,A00679,0,random
A00750,A00574,0,random
A01039,A01167,0,random
A01069,A00225,0,hard
A00461,A00551,0,random
A01092,A01117,0,random
A00463,A00531,0,random
A00719,A00559,0,random
A01200,A00689,0,hard
A00379,A00495,0,random
A01067,A00088,0,random
A00858,A00743,0,random
A01257,A01171,0,random
A01045,A00222,0,hard
A00555,A01197,0,random
A00433,A01219,0,random
A00136,A01096,0,random
A00054,A00014,0,random
A00809,A01272,0,hard
A00950,A00674,0,random
A00943,A00431,0,random
A00009,A00564,0,random
A00257,A00437,0,random
A00820,A00831,0,hard
A00446,A00580,0,random
A00162,A00384,0,random
A00932,A00017,0,random
A01261,A01111,0,random
A00523,A01111,0,hard
A00605,A00256,0,random
A00057,A00041,0,random
A00954,A00527,0,random
A00662,A00663,0,random
A00341,A00931,0,hard
A00927,A00065,0,random
A00564,A00410,0,random
A00106,A00384,0,random
A00631,A01121,0,random
A00555,A00530,0,hard
A00922,A00278,0,random
A00806,A00020,0,random
A01166,A00194,0,random
A00698,A01153,0,random
A00686,A00550,0,hard
A00355,A00158,0,random
A00367,A00252,0,random
A01174,A00559,0,random
A00668,A01012,0,random
A01088,A00184,0,hard
A01131,A00895,0,random
A00566,A00394,0,random
A00401,A00778,0,random
A00785,A00114,0,random
A00524,A00130,0,hard
A00313,A00671,0,random
A01145,A00495,0,random
A00910,A00652,0,random
A00857,A00345,0,random
A01093,A00349,0,hard
A00137,A00099,0,random
A01152,A00490,0,random
A00001,A01220,0,random
A00053,A00344,0,random
A00189,A00844,0,hard
A00887,A01034,0,random
A00862,A00890,0,random
A00254,A00129,0,random
A00225,A00076,0,random
A00581,A00286,0,hard
A00603,A00912,0,random
A00155,A00576,0,random
A01131,A00097,0,random
A00284,A00043,0,random
A01266,A01038,0,hard
A00475,A00014,0,random
A00970,A00499,0,random
A00234,A00823,0,random
A00925,A00279,0,random
A01203,A00860,0,hard
A00502,A00367,0,random
A00592,A00323,0,random
A00948,A00446,0,random
A00545,A01269,0,random
A01098,A01274,0,hard
A01073,A00670,0,random
A00269,A00376,0,random
A00188,A00126,0,random
A00098,A00570,0,random
A00386,A00144,0,hard
A01101,A00251,0,random
A00719,A01126,0,random
A00243,A00551,0,random
A00044,A00510,0,random
A00272,A01206,0,hard
A00246,A00616,0,random
A00909,A00454,0,random
A00584,A00061,0,random
A00333,A00126,0,random
A00973,A00930,0,hard
A00969,A01026,0,random
A00312,A01095,0,random
A00960,A00036,0,random
A00433,A00009,0,random
A01002,A00524,0,hard
A00814,A00981,0,random
A00696,A00992,0,random
A00749,A00415,0,random
A01055,A00764,0,random
A00292,A01031,0,hard
A00212,A00929,0,random
A00578,A00341,0,random
A00794,A00850,0,random
A00718,A00960,0,random
A01085,A00353,0,hard
A00184,A00066,0,random
A00875,A01287,0,random
A01296,A00330,0,random
A00126,A00072,0,random
A00628,A01119,0,hard
A00982,A01177,0,random
A01173,A00811,0,random
A00234,A01218,0,random
A00888,A00678,0,random
A01069,A01047,0,hard
A00327,A00496,0,random
A00008,A00368,0,random
A00992,A00068,0,random
A00693,A01029,0,random
A01195,A00884,0,hard
A00696,A00059,0,random
A00372,A00756,0,random
A00597,A00812,0,random
A01229,A00406,0,random
A00517,A00162,0,hard
A00076,A00857,0,random
A00744,A00946,0,random
A00605,A01228,0,random
A00654,A00527,0,random
A00742,A00339,0,hard
A00699,A00386,0,random
A00818,A00305,0,random
A00118,A00755,0,random
A00352,A00501,0,random
A00524,A00324,0,hard
A01091,A00845,0,random
A01090,A00252,0,random
A00997,A00110,0,random
A00008,A00076,0,random
A01080,A00205,0,hard
A00291,A01074,0,random
A01210,A01074,0,random
A01221,A00972,0,random
A00265,A00807,0,random
A01226,A00048,0,hard
A00210,A00522,0,random
A00471,A01013,0,random
A01047,A00324,0,random
A00100,A00624,0,random
A00817,A01031,0,hard
A00826,A01104,0,random
A00134,A00918,0,random
A00250,A01179,0,random
A01132,A00144,0,random
A00096,A00579,0,hard
A00621,A00094,0,random
A01164,A00622,0,random
A01033,A00642,0,random
A01030,A00670,0,random
A00587,A01048,0,hard
A00342,A01031,0,random
A01112,A01013,0,random
A00544,A00560,0,random
A00118,A00833,0,random
A00287,A00760,0,hard
A00018,A00625,0,random
A01004,A00257,0,random
A00203,A00666,0,random
A00427,A01064,0,random
A00130,A00096,0,hard
A00741,A00557,0,random
A00687,A00363,0,random
A01002,A01121,0,random
A01093,A01255,0,random
A00948,A00513,0,hard
A00943,A00467,0,random
A00293,A00637,0,random
A00809,A00596,0,random
A00175,A00259,0,random
A00189,A00203,0,hard
A01078,A00578,0,random
A00414,A00807,0,random
A01275,A00981,0,random
A00350,A00547,0,random
A00742,A00659,0,hard
A00742,A00518,0,random
A01131,A00658,0,random
A01282,A00877,0,random
A00307,A00152,0,random
A01276,A00152,0,hard
A01272,A00906,0,random
A01077,A00185,0,random
A00923,A00750,0,random
A00832,A00412,0,random
A00001,A01175,0,hard
A00054,A00809,0,random
A01300,A00656,0,random
A00863,A01148,0,random
A00106,A01042,0,random
A00524,A00278,0,hard
A00956,A00761,0,random
A00061,A00682,0,random
A00457,A00671,0,random
A01280,A01257,0,random
A00538,A00436,0,hard
A01261,A00429,0,random
A00764,A00914,0,random
A01197,A00614,0,random
A01118,A01147,0,random
A01233,A01042,0,hard
A01228,A00306,0,random
A00232,A00887,0,random
A00916,A00687,0,random
A00237,A00390,0,random
A00001,A00128,0,hard
A01251,A00248,0,random
A00494,A00809,0,random
A00409,A00328,0,random
A00704,A00189,0,random
A00169,A00932,0,hard
A01268,A00877,0,random
A00268,A00056,0,random
A00418,A00209,0,random
A01140,A00961,0,random
A00477,A01236,0,hard
A00756,A00343,0,random
A00868,A01196,0,random
A00435,A00054,0,random
A01055,A00499,0,random
A00420,A00416,0,hard
A00090,A00654,0,random
A01062,A00141,0,random
A01194,A00231,0,random
A01014,A00521,0,random
A00835,A00266,0,hard
A00067,A00916,0,random
A00137,A00663,0,random
A00877,A01051,0,random
A00565,A01082,0,random
A00568,A01016,0,hard
A00828,A00393,0,random
A01049,A00526,0,random
A01083,A00988,0,random
A01056,A00687,0,random
A00624,A00098,0,hard
A00393,A00674,0,random
A00194,A00926,0,random
A00960,A00124,0,random
A01067,A01270,0,random
A00465,A00951,0,hard
A00967,A00788,0,random
A00025,A00392,0,random
A00459,A00302,0,random
A00342,A00744,0,random
A00397,A00202,0,hard
A00536,A01134,0,random
A00334,A00315,0,random
A00424,A00072,0,random
A00035,A00987,0,random
A01057,A00726,0,hard
A00673,A00714,0,random
A00637,A00913,0,random
A01072,A00683,0,random
A00593,A00386,0,random
A00569,A01169,0,hard
A00395,A01164,0,random
A01119,A00886,0,random
A01209,A00040,0,random
A00642,A00528,0,random
A00968,A00109,0,hard
A01268,A00966,0,random
A00477,A00370,0,random
A01280,A00989,0,random
A00408,A00524,0,random
A00471,A00957,0,hard
A00801,A01275,0,random
A00820,A01233,0,random
A00076,A00191,0,random
A00520,A01158,0,random
A00698,A01017,0,hard
A01077,A01297,0,random
A01278,A00190,0,random
A00439,A00701,0,random
A00932,A01041,0,random
A01085,A00829,0,hard
A01158,A00326,0,random
A00117,A00352,0,random
A00301,A01252,0,random
A00733,A00293,0,random
A00670,A00057,0,hard
A01268,A00629,0,random
A00710,A00537,0,random
A00387,A00299,0,random
A00320,A00051,0,random
A00233,A00515,0,hard
A01011,A00804,0,random
A00663,A00104,0,random
A01058,A00456,0,random
A01091,A00186,0,random
A00544,A00714,0,hard
A00879,A00439,0,random
A01245,A00327,0,random
A00248,A00172,0,random
A01240,A01200,0,random
A00159,A00231,0,hard
A00135,A00067,0,random
A01213,A00430,0,random
A00814,A00691,0,random
A00314,A01286,0,random
A00068,A00174,0,hard
A00033,A00940,0,random
A00882,A00877,0,random
A00076,A00535,0,random
A00443,A01140,0,random
A00976,A00045,0,hard
A01297,A00222,0,random
A00347,A00939,0,random
A00643,A00276,0,random
A00951,A00526,0,random
A00306,A00104,0,hard
A01267,A00832,0,random
A01061,A00768,0,random
A00443,A01086,0,random
A00323,A00357,0,random
A00140,A00936,0,hard
A00319,A00529,0,random
A01115,A01186,0,random
A00206,A00938,0,random
A01080,A00633,0,random
A00027,A01062,0,hard
A00009,A00343,0,random
A01207,A00652,0,random
A00828,A01062,0,random
A00722,A00205,0,random
A00803,A00695,0,hard
A01129,A00539,0,random
A00882,A00275,0,random
A00592,A01289,0,random
A01164,A00588,0,random
A00360,A00181,0,hard
A00331,A00296,0,random
A00930,A00462,0,random
A00154,A00578,0,random
A00268,A00991,0,random
A00006,A00679,0,hard
A00067,A00931,0,random
A00429,A00815,0,random
A01259,A00313,0,random
A00331,A00623,0,random
A00796,A01252,0,hard
A01189,A00209,0,random
A00296,A00882,0,random
A00112,A01021,0,random
A01092,A00658,0,random
A00740,A00830,0,hard
A00453,A00702,0,random
A01273,A00583,0,random
A00010,A00383,0,random
A00161,A01020,0,random
A01199,A01154,0,hard
A00203,A01199,0,random
A01263,A00032,0,random
A00455,A00704,0,random
A01081,A01141,0,random
A00941,A00457,0,hard
A00293,A01240,0,random
A00522,A00424,0,random
A00079,A00013,0,random
A01286,A00733,0,random
A00479,A00102,0,hard
A00359,A01236,0,random
A00291,A00331,0,random
A01216,A00843,0,random
A00919,A00695,0,random
A01107,A00094,0,hard
A00145,A00731,0,random
A01262,A00866,0,random
A00686,A01241,0,random
A00106,A00067,0,random
A00702,A01061,0,hard
A00990,A00999,0,random
A00212,A00629,0,random
A00271,A00171,0,random
A00358,A00053,0,random
A00640,A00818,0,hard
A00939,A00322,0,random
A00149,A01142,0,random
A00770,A00209,0,random
A00942,A00716,0,random
A01009,A01289,0,hard
A01273,A00820,0,random
A00300,A00506,0,random
A00996,A01116,0,random
A00322,A00648,0,random
A00850,A01100,0,hard
A00127,A00441,0,random
A01055,A00385,0,random
A01211,A00706,0,random
A01134,A00567,0,random
A00188,A00986,0,hard
A00723,A01123,0,random
A01045,A00703,0,random
A01267,A00990,0,random
A00025,A00926,0,random
A00927,A00707,0,hard
A00790,A00145,0,random
A00606,A00072,0,random
A01103,A00779,0,random
A01108,A01021,0,random
A00222,A00470,0,hard
A01185,A00101,0,random
A00578,A01167,0,random
A00408,A00726,0,random
A00682,A00800,0,random
A00069,A00826,0,hard
A01199,A01300,0,random
A00626,A00017,0,random
A00077,A00039,0,random
A00237,A01226,0,random
A00220,A00033,0,hard
A00017,A00062,0,random
A00549,A00444,0,random
A00540,A00821,0,random
A00231,A00968,0,random
A00065,A00886,0,hard
A00445,A00801,0,random
A00473,A01068,0,random
A00881,A00136,0,random
A01014,A00893,0,random
A01292,A01199,0,hard
A00218,A00539,0,random
A00060,A01212,0,random
A00722,A00312,0,random
A00190,A00241,0,random
A01034,A00317,0,hard
A00311,A00607,0,random
A00478,A00189,0,random
A00032,A01161,0,random
A00589,A00799,0,random
A01100,A00237,0,hard
A00628,A00451,0,random
A00209,A00928,0,random
A00083,A00573,0,random
A00656,A00605,0,random
A00787,A00279,0,hard
A00484,A00732,0,random
A01265,A01280,0,random
A00828,A00459,0,random
A01005,A00647,0,random
A00537,A01016,0,hard
A00059,A00830,0,random
A00485,A00373,0,random
A00849,A00134,0,random
A00325,A00910,0,random
A01129,A00441,0,hard
A00251,A00204,0,random
A00156,A00500,0,random
A01016,A00254,0,random
A00343,A01128,0,random
A01230,A00359,0,hard
A00396,A01202,0,random
A00006,A00106,0,random
A00529,A00528,0,random
A00155,A00599,0,random
A00067,A00651,0,hard
A00054,A00748,0,random
A00634,A00026,0,random
A01258,A00093,0,random
A00752,A00806,0,random
A00156,A00982,0,hard
A00121,A00233,0,random
A00671,A01251,0,random
A00724,A00534,0,random
A00013,A00919,0,random
A01096,A00476,0,hard
A00873,A00187,0,random
A01199,A00550,0,random
A00939,A00649,0,random
A00895,A01187,0,random
A00985,A01133,0,hard
A00279,A00342,0,random
A01178,A00289,0,random
A00343,A01167,0,random
A01283,A00195,0,random
A01104,A01212,0,hard
A01069,A00906,0,random
A01043,A01107,0,random
A00626,A00148,0,random
A00303,A00137,0,random
A00910,A00649,0,hard
A00966,A00861,0,random
A00349,A01273,0,random
A01187,A00493,0,random
A00636,A00083,0,random
A00320,A01193,0,hard
A00384,A00734,0,random
A01060,A00912,0,random
A00231,A00516,0,random
A00047,A00839,0,random
A00060,A00148,0,hard
A01150,A00899,0,random
A00470,A00211,0,random
A00170,A00970,0,random
A00628,A00937,0,random
A00058,A00262,0,hard
A00125,A01177,0,random
A00196,A01084,0,random
A01295,A00102,0,random
A01153,A00498,0,random
A01057,A01279,0,hard
A01152,A00492,0,random
A01075,A00570,0,random
A00290,A00981,0,random
A00613,A00789,0,random
A00688,A01094,0,hard
A01288,A00038,0,random
A00471,A00806,0,random
A00209,A00289,0,random
A01268,A00569,0,random
A01092,A00840,0,hard
A00214,A00314,0,random
A00041,A00292,0,random
A01042,A01165,0,random
A00232,A00591,0,random
A00571,A00404,0,hard
A00215,A01205,0,random
A00760,A01149,0,random
A00978,A01243,0,random
A00653,A00529,0,random
A00339,A01114,0,hard
A00642,A01062,0,random
A00203,A00485,0,random
A00775,A00362,0,random
A01223,A01173,0,random
A00894,A00391,0,hard
A00618,A00233,0,random
A00995,A00841,0,random
A00302,A00982,0,random
A00486,A00680,0,random
A01020,A00590,0,hard
A00303,A00350,0,random
A00612,A00148,0,random
A00837,A01105,0,random
A01257,A00374,0,random
A01090,A01203,0,hard
A00461,A00182,0,random
A00657,A01122,0,random
A00588,A00608,0,random
A00885,A00238,0,random
A00652,A00557,0,hard
A00599,A00879,0,random
A00186,A00785,0,random
A00087,A00319,0,random
A00929,A00932,0,random
A01135,A00703,0,hard
A00815,A01082,0,random
A01192,A00935,0,random
A00623,A00677,0,random
A00748,A00888,0,random
A01274,A00647,0,hard
A00709,A00754,0,random
A01295,A01194,0,random
A00349,A00683,0,random
A00727,A00180,0,random
A00233,A01076,0,hard
A00072,A00759,0,random
A00354,A01271,0,random
A00148,A00235,0,random
A00513,A00097,0,random
A00630,A01278,0,hard
A00592,A00635,0,random
A00119,A00459,0,random
A00176,A00881,0,random
A00014,A00312,0,random
A00511,A00733,0,hard
A00879,A01101,0,random
A01064,A01194,0,random
A00787,A01186,0,random
A01235,A00618,0,random
A00681,A00339,0,hard
A00356,A00857,0,random
A01176,A00350,0,random
A01264,A00390,0,random
A01205,A00993,0,random
A00059,A00382,0,hard
A00521,A00550,0,random
A00435,A00911,0,random
A00971,A00204,0,random
A00774,A00793,0,random
A00920,A01076,0,hard
A00110,A00817,0,random
A00787,A01241,0,random
A00045,A00709,0,random
A00905,A00980,0,random
A00700,A00743,0,hard
A00082,A00122,0,random
A00666,A01066,0,random
A01027,A00516,0,random
A01210,A00052,0,random
A01175,A00886,0,hard
A00747,A00889,0,random
A01179,A00488,0,random
A01068,A00621,0,random
A00657,A01005,0,random
A00623,A00157,0,hard
A00493,A00459,0,random
A00348,A00786,0,random
A01182,A01202,0,random
A01119,A00480,0,random
A00577,A00069,0,hard
A00743,A00669,0,random
A01103,A01163,0,random
A01267,A00969,0,random
A00655,A01042,0,random
A00937,A00688,0,hard
A00955,A01071,0,random
A01013,A00937,0,random
A00011,A00155,0,random
A01109,A00903,0,random
A01206,A00495,0,hard
A00199,A00297,0,random
A01230,A00132,0,random
A00062,A00403,0,random
A00246,A00498,0,random
A01115,A00013,0,hard
A01198,A01262,0,random
A00749,A00379,0,random
A00006,A01177,0,random
A00521,A01169,0,random
A01088,A00909,0,hard
A00818,A00642,0,random
A01212,A00946,0,random
A00977,A00374,0,random
A00381,A00386,0,random
A00538,A00436,0,hard
A00047,A01133,0,random
A00098,A00684,0,random
A00494,A00317,0,random
A01242,A00718,0,random
A01172,A00539,0,hard
A00544,A00065,0,random
A00211,A01243,0,random
A01262,A00482,0,random
A00423,A00215,0,random
A01198,A01025,0,hard
A01276,A00975,0,random
A00438,A00525,0,random
A00538,A00228,0,random
A00175,A00898,0,random
A00775,A00919,0,hard
A00173,A00999,0,random
A00585,A01118,0,random
A00313,A00788,0,random
A01214,A00023,0,random
A01000,A01262,0,hard
A00408,A00881,0,random
A00134,A00399,0,random
A00224,A01251,0,random
A00230,A00198,0,random
A00226,A00499,0,hard
A01044,A00225,0,random
A00011,A00749,0,random
A00531,A00528,0,random
A01165,A00938,0,random
A00152,A00896,0,hard
A00140,A00311,0,random
A00109,A00124,0,random
A00015,A00899,0,random
A00164,A00679,0,random
A01028,A00287,0,hard
A00224,A00442,0,random
A00859,A01036,0,random
A01232,A00300,0,random
A00473,A00296,0,random
A01169,A00497,0,hard
A00107,A00608,0,random
A00264,A00886,0,random
A01142,A01051,0,random
A01092,A01200,0,random
A00977,A00191,0,hard
A00183,A01187,0,random
A00243,A00576,0,random
A00374,A01256,0,random
A00203,A00333,0,random
A01270,A00087,0,hard
A01157,A01201,0,random
A00585,A00360,0,random
A00279,A00316,0,random
A00422,A00515,0,random
A01081,A00419,0,hard
A00309,A00990,0,random
A01059,A00615,0,random
A00036,A01017,0,random
A00828,A00035,0,random
A00443,A00781,0,hard
A00908,A00239,0,random
A00381,A00503,0,random
A00983,A00686,0,random
A00288,A00276,0,random
A00550,A00301,0,hard
A00732,A00527,0,random
A00172,A01150,0,random
A01210,A00731,0,random
A01037,A01181,0,random
A00145,A01217,0,hard
A00893,A01001,0,random
A00551,A00383,0,random
A00592,A00826,0,random
A00821,A00517,0,random
A00842,A00545,0,hard
A00180,A00153,0,random
A00944,A01160,0,random
A00882,A00865,0,random
A00594,A00798,0,random
A00177,A01097,0,hard
A00997,A00304,0,random
A00808,A00950,0,random
A01049,A00070,0,random
A00313,A00219,0,random
A00975,A01017,0,hard
A01218,A00777,0,random
A00658,A00666,0,random
A00989,A00234,0,random
A00006,A00816,0,random
A00321,A00546,0,hard
A00956,A00473,0,random
A00648,A00525,0,random
A00334,A00427,0,random
A00029,A01165,0,random
A00443,A00194,0,hard
A00647,A00205,0,random
A00906,A00501,0,random
A00555,A00724,0,random
A00907,A00270,0,random
A01033,A00130,0,hard
A00090,A00038,0,random
A00660,A00595,0,random
A00015,A01121,0,random
A00445,A00852,0,random
A00777,A00109,0,hard
A00734,A00928,0,random
A00316,A01084,0,random
A00760,A00009,0,random
A00617,A00652,0,random
A00933,A00833,0,hard
A00747,A00098,0,random
A00815,A00249,0,random
A00160,A01085,0,random
A01227,A00156,0,random
A00252,A00587,0,hard
A00213,A00214,0,random
A00786,A00164,0,random
A00366,A01013,0,random
A00335,A00546,0,random
A00108,A00725,0,hard
A00518,A01244,0,random
A01111,A00678,0,random
A00744,A01280,0,random
A00978,A00699,0,random
A00717,A00234,0,hard
A00339,A00287,0,random
A00250,A01201,0,random
A01002,A01176,0,random
A00883,A00630,0,random
A01264,A00263,0,hard
A00939,A00362,0,random
A01264,A00840,0,random
A00812,A00088,0,random
A00568,A00637,0,random
A00090,A00491,0,hard
A00331,A00641,0,random
A00860,A00295,0,random
A00460,A01204,0,random
A00241,A00175,0,random
A00011,A00903,0,hard
A00080,A01023,0,random
A00470,A00117,0,random
A00236,A00790,0,random
A00538,A00475,0,random
A00760,A00142,0,hard
A00043,A00683,0,random
A01122,A00474,0,random
A00029,A00026,0,random
A00875,A00731,0,random
A00163,A00509,0,hard
A00192,A00900,0,random
A00110,A00501,0,random
A00679,A00622,0,random
A00696,A01076,0,random
A00601,A00327,0,hard
A00979,A00355,0,random
A00143,A00887,0,random
A00097,A00557,0,random
A00583,A00328,0,random
A01224,A01055,0,hard
A01226,A00939,0,random
A00623,A00278,0,random
A00294,A01143,0,random
A00425,A00144,0,random
A01256,A00601,0,hard
A00663,A00414,0,random
A00892,A00271,0,random
A00173,A00034,0,random
A00985,A01267,0,random
A00716,A01000,0,hard
A00685,A01076,0,random
A00728,A00798,0,random
A00177,A00958,0,random
A00979,A00728,0,random
A00835,A00398,0,hard
A00037,A00748,0,random
A00625,A00076,0,random
A00731,A00815,0,random
A01186,A00842,0,random
A00296,A00153,0,hard
A01102,A00867,0,random
A00787,A01263,0,random
A00622,A01040,0,random
A00001,A00205,0,random
A00714,A00966,0,hard
A00078,A00752,0,random
A01013,A01069,0,random
A01036,A01140,0,random
A00509,A00656,0,random
A00630,A00233,0,hard
A01281,A00680,0,random
A01170,A01269,0,random
A00232,A01232,0,random
A01066,A00993,0,random
A00832,A00606,0,hard
A00376,A01013,0,random
A00794,A00451,0,random
A00526,A01057,0,random
A00479,A00425,0,random
A00187,A00889,0,hard
A00390,A01187,0,random
A01220,A01287,0,random
A00140,A00309,0,random
A01192,A00862,0,random
A00838,A00365,0,hard
A00466,A00511,0,random
A00085,A00355,0,random
A00501,A00443,0,random
A00146,A00798,0,random
A01282,A00194,0,hard
A01110,A00438,0,random
A00162,A00410,0,random
A00071,A01225,0,random
A01049,A00761,0,random
A00788,A00319,0,hard
A00973,A00542,0,random
A00498,A01078,0,random
A00558,A00127,0,random
A00040,A00831,0,random
A00211,A00644,0,hard
A00683,A00366,0,random
A00229,A01043,0,random
A00555,A00098,0,random
A01123,A00396,0,random
A00485,A00988,0,hard
A00851,A00744,0,random
A00866,A01117,0,random
A00020,A00974,0,random
A00547,A00321,0,random
A01295,A01278,0,hard
A00331,A00908,0,random
A00077,A00481,0,random
A00484,A01003,0,random
A00887,A00593,0,random
A00953,A00497,0,hard
A00895,A00477,0,random
A00625,A00474,0,random
A01140,A00469,0,random
A00816,A00180,0,random
A00926,A01218,0,hard
A00791,A00589,0,random
A00639,A00420,0,random
A00054,A01015,0,random
A00871,A00171,0,random
A00454,A00847,0,hard
A01279,A00707,0,random
A00200,A01000,0,random
A00316,A00200,0,random
A00874,A00026,0,random
A00995,A01284,0,hard
A00912,A00129,0,random
A00690,A00262,0,random
A00570,A00044,0,random
A00097,A00382,0,random
A00555,A00210,0,hard
A00194,A01096,0,random
A00624,A00837,0,random
A00927,A00663,0,random
A00016,A00030,0,random
A00480,A00660,0,hard
A01096,A00060,0,random
A00363,A00955,0,random
A00211,A00459,0,random
A00931,A01201,0,random
A00179,A00615,0,hard
A00962,A00421,0,random
A00582,A00646,0,random
A00337,A00146,0,random
A00335,A00678,0,random
A00808,A01110,0,hard
A00005,A01265,0,random
A00290,A01170,0,random
A01180,A00189,0,random
A00097,A01177,0,random
A00816,A00902,0,hard
A00264,A00610,0,random
A00259,A01078,0,random
A00255,A00392,0,random
A00829,A00483,0,random
A00593,A00844,0,hard
A01192,A00224,0,random
A00810,A01220,0,random
A00298,A00982,0,random
A00544,A00630,0,random
A01172,A00199,0,hard
A00623,A00369,0,random
A00981,A00440,0,random
A01074,A00515,0,random
A00886,A00634,0,random
A01249,A00377,0,hard
A00140,A00800,0,random
A00290,A00803,0,random
A00410,A00970,0,random
A01277,A01251,0,random
A01222,A01057,0,hard
A00003,A00384,0,random
A01258,A00417,0,random
A01188,A00898,0,random
A00080,A00427,0,random
A00380,A00406,0,hard
A01060,A00318,0,random
A00039,A00126,0,random
A01229,A00948,0,random
A00700,A00956,0,random
A01170,A00562,0,hard
A01119,A00490,0,random
A01065,A00938,0,random
A00178,A00348,0,random
A00146,A00415,0,random
A00058,A00641,0,hard
A00866,A00912,0,random
A01127,A00359,0,random
A01220,A00053,0,random
A00188,A00688,0,random
A00170,A00391,0,hard
A00931,A00003,0,random
A00940,A00800,0,random
A00734,A01148,0,random
A00782,A01183,0,random
A00087,A00548,0,hard
A01185,A00629,0,random
A00214,A00494,0,random
A00893,A00526,0,random
A00199,A00587,0,random
A00306,A01130,0,hard
A00563,A01038,0,random
A00468,A00941,0,random
A00318,A00395,0,random
A00848,A00473,0,random
A01078,A00025,0,hard
A00080,A00951,0,random
A00103,A00994,0,random
A00059,A00245,0,random
A00165,A01064,0,random
A00390,A00595,0,hard
A00094,A01292,0,random
A00581,A00568,0,random
A00765,A01101,0,random
A01203,A00470,0,random
A00454,A00232,0,hard
A00837,A00647,0,random
A00592,A00447,0,random
A00963,A00910,0,random
A00445,A01015,0,random
A00887,A00561,0,hard
A01088,A00956,0,random
A01142,A00625,0,random
A00359,A01127,0,random
A00035,A00251,0,random
A00525,A00148,0,hard
A00466,A00339,0,random
A00689,A00970,0,random
A00178,A00939,0,random
A01016,A00334,0,random
A01048,A01124,0,hard
A01044,A01184,0,random
A00805,A01134,0,random
A00363,A00756,0,random
A01069,A00216,0,random
A00284,A00610,0,hard
A00304,A00533,0,random
A00038,A01118,0,random
A00928,A00427,0,random
A00066,A00827,0,random
A00044,A00143,0,hard
A00503,A00946,0,random
A00152,A01152,0,random
A01108,A00629,0,random
A01039,A01296,0,random
A00174,A00774,0,hard
A00622,A00146,0,random
A00342,A01054,0,random
A00512,A00857,0,random
A00749,A01256,0,random
A00744,A01003,0,hard
A00507,A00620,0,random
A00664,A01089,0,random
A00952,A01147,0,random
A01200,A00475,0,random
A01080,A00075,0,hard
A00717,A00485,0,random
A00911,A00584,0,random
A00780,A00919,0,random
A00403,A00766,0,random
A00629,A00306,0,hard
A00948,A00977,0,random
A00658,A00779,0,random
A01122,A00675,0,random
A00173,A01153,0,random
A00691,A01059,0,hard
A01198,A00563,0,random
A00965,A01024,0,random
A00724,A00279,0,random
A00785,A00440,0,random
A00896,A00488,0,hard
A00120,A00949,0,random
A00179,A00472,0,random
A01017,A00204,0,random
A01029,A00429,0,random
A01019,A00506,0,hard
A01234,A00395,0,random
A01119,A01122,0,random
A00954,A00637,0,random
A01182,A00054,0,random
A01146,A01152,0,hard
A00516,A00938,0,random
A00270,A00412,0,random
A00508,A00817,0,random
A00223,A01190,0,random
A00718,A00024,0,hard
A00468,A00319,0,random
A00337,A00519,0,random
A00631,A01134,0,random
A00294,A01227,0,random
A00465,A00438,0,hard
A00682,A00495,0,random
A00797,A00402,0,random
A01043,A01296,0,random
A00096,A01209,0,random
A01274,A01108,0,hard
A00925,A00936,0,random
A00192,A00182,0,random
A00117,A00784,0,random
A00103,A00203,0,random
A00681,A01179,0,hard
A00888,A00282,0,random
A00562,A00177,0,random
A01159,A00067,0,random
A01035,A00914,0,random
A00450,A00559,0,hard
A01031,A00624,0,random
A00543,A00885,0,random
A00715,A01157,0,random
A00986,A00496,0,random
A00863,A00991,0,hard
A00739,A00544,0,random
A01023,A00543,0,random
A00385,A00562,0,random
A00378,A00161,0,random
A00313,A00763,0,hard
A00571,A00454,0,random
A00966,A01151,0,random
A01165,A00217,0,random
A00141,A00181,0,random
A01257,A00141,0,hard
A00800,A00406,0,random
A01291,A00909,0,random
A00391,A00101,0,random
A00272,A01256,0,random
A00694,A00317,0,hard
A00822,A00072,0,random
A01081,A00781,0,random
A00785,A00090,0,random
A00546,A00313,0,random
A00468,A00942,0,hard
A00264,A00628,0,random
A00481,A00513,0,random
A00653,A00463,0,random
A01049,A01180,0,random
A00115,A01028,0,hard
A01008,A00244,0,random
A01131,A00983,0,random
A01271,A00130,0,random
A00988,A00075,0,random
A01115,A00955,0,hard
A00862,A01057,0,random
A01011,A00297,0,random
A01013,A00602,0,random
A00096,A01216,0,random
A00221,A01266,0,hard
A00936,A00668,0,random
A00374,A00545,0,random
A00330,A00478,0,random
A00383,A00890,0,random
A00591,A00079,0,hard
A00842,A00027,0,random
A00811,A01295,0,random
A01030,A00474,0,random
A01239,A01090,0,random
A00172,A01078,0,hard
A00225,A00325,0,random
A00138,A00908,0,random
A00613,A01101,0,random
A00899,A00534,0,random
A00027,A00552,0,hard
A01253,A00538,0,random
A00307,A00709,0,random
A00564,A00494,0,random
A00473,A00661,0,random
A00350,A00054,0,hard
A01033,A00818,0,random
A01256,A00705,0,random
A00950,A00635,0,random
A00916,A01093,0,random
A00820,A00087,0,hard
A00364,A00645,0,random
A00452,A01122,0,random
A00735,A00992,0,random
A00366,A01086,0,random
A00108,A01252,0,hard
A00334,A01291,0,random
A00834,A00883,0,random
A00616,A00223,0,random
A00678,A00760,0,random
A00165,A00617,0,hard
A01156,A00566,0,random
A01042,A00472,0,random
A00400,A00817,0,random
A00202,A00200,0,random
A00621,A00013,0,hard
A00526,A00864,0,random
A00236,A00687,0,random
A00013,A00838,0,random
A00104,A00138,0,random
A00436,A01075,0,hard
A00146,A01179,0,random
A01073,A00555,0,random
A00095,A00509,0,random
A00210,A00851,0,random
A00519,A00876,0,hard
A00869,A00383,0,random
A00818,A00541,0,random
A00134,A01004,0,random
A00044,A00830,0,random
A00030,A01088,0,hard
A00894,A00161,0,random
A01195,A00059,0,random
A00782,A00374,0,random
A00329,A00655,0,random
A00515,A00143,0,hard
A00309,A00053,0,random
A00655,A01226,0,random
A00818,A00004,0,random
A00838,A00145,0,random
A00860,A00073,0,hard
A00262,A00604,0,random
A00628,A00174,0,random
A00769,A01000,0,random
A01124,A00675,0,random
A00889,A00110,0,hard
A00645,A00912,0,random
A00599,A00948,0,random
A00614,A00051,0,random
A00351,A00561,0,random
A00446,A01263,0,hard
A00688,A00405,0,random
A01100,A01166,0,random
A00130,A00686,0,random
A00897,A01245,0,random
A01031,A00800,0,hard
A00414,A00825,0,random
A00268,A00883,0,random
A01010,A00046,0,random
A00109,A00558,0,random
A00876,A01100,0,hard
A00293,A00301,0,random
A00020,A01050,0,random
A00425,A00145,0,random
A01019,A00356,0,random
A00450,A01188,0,hard
A00877,A00480,0,random
A00302,A01220,0,random
A00128,A01187,0,random
A01106,A00894,0,random
