account_id,in_deg,out_deg,in_volume,out_volume,egonet_nodes,egonet_edges,pagerank,community,expected_edges,oddball_score,ego_shape,shape_norm_score,total_volume,total_deg,volume_per_tx
A00694,8,8,1995324.61,4434421.93,16,6,1.168932069390311,,1.4947833067927865,2.9734386839758806,NEAR_CLIQUE,5.878138685226241,6429746.54,16,401859.15875
A00776,8,8,3019902.98,2804333.3699999996,16,5,1.1329305215178618,,1.4947833067927865,2.186657028037291,NEAR_CLIQUE,4.019901868354188,5824236.35,16,364014.771875
A00218,10,7,3710311.97,1871065.81,17,5,2.2502467470392875,,1.5386055678213575,2.110581927318449,NEAR_CLIQUE,3.84022615790011,5581377.78,17,328316.34
A00787,11,9,3384835.67,4037395.939999999,20,5,1.4877832710762553,,1.6625246184652396,1.916473945039521,NEAR_CLIQUE,3.38177800218001,7422231.609999999,20,371111.5805
A00637,9,13,3980528.12,5232637.62,22,1,1.0360681018846614,,1.7397903632041665,0.4184142254191978,STAR,3.2051082649887896,9213165.74,22,418780.2609090909
A00055,9,13,3715743.48,2649786.57,22,1,1.2421224991853477,,1.7397903632041665,0.4184142254191978,STAR,3.2051082649887896,6365530.05,22,289342.27499999997
A00880,11,10,4177421.23,2679816.8000000003,21,1,1.839079946993727,,1.7016391108097928,0.392853097510922,STAR,2.9026092103262866,6857238.03,21,326535.1442857143
A00681,10,11,4329480.800000001,2875743.0,21,1,1.6846463781634615,,1.7016391108097928,0.392853097510922,STAR,2.9026092103262866,7205223.800000001,21,343105.89523809525
A00570,8,5,2963385.6700000004,2632689.62,13,4,1.2281504475603249,,1.3539346395530236,1.6598273897938218,NEAR_CLIQUE,2.7756249808414326,5596075.290000001,13,430467.3300000001
A00111,8,7,3468452.6399999997,2472074.24,14,4,1.3630842698764405,,1.4026126811277986,1.5855758524831898,NEAR_CLIQUE,2.600256199301444,5940526.88,15,396035.12533333333
A01164,12,8,5698378.35,3457301.84,20,1,1.8080490139308267,,1.6625246184652396,0.3670323762895462,STAR,2.597038040376412,9155680.19,20,457784.0095
A00860,13,7,6408150.25,1858996.63,20,1,1.4308410496287731,,1.6625246184652396,0.3670323762895462,STAR,2.597038040376412,8267146.88,20,413357.344
A00057,8,12,2897310.46,4215273.26,20,1,0.9666561605876935,,1.6625246184652396,0.3670323762895462,STAR,2.597038040376412,7112583.72,20,355629.186
A01077,6,9,2395276.5599999996,3591173.9300000006,15,4,1.1348712062680169,,1.4495026600949348,1.518560004761344,NEAR_CLIQUE,2.4419768156749075,5986450.49,15,399096.69933333335
A00832,11,8,4312904.33,3248982.38,19,1,1.801062836007843,,1.6223724875581822,0.34094250769023343,STAR,2.288281689096395,7561886.71,19,397994.03736842104
A01071,11,10,5795755.33,2898686.0999999996,19,1,1.4827899878658046,,1.6223724875581822,0.34094250769023343,STAR,2.288281689096395,8694441.43,21,414021.0204761905
A00881,15,5,4941795.100000001,2369539.31,19,1,1.749867459235772,,1.6223724875581822,0.34094250769023343,STAR,2.288281689096395,7311334.41,20,365566.7205
A00994,9,8,3992699.31,3651294.61,17,4,1.995415574887634,,1.5386055678213575,1.4019215893573418,NEAR_CLIQUE,2.1664978487602924,7643993.92,17,449646.7011764706
A01090,8,10,3934141.97,3215443.100000001,18,1,1.5175498242591314,,1.5810982890350151,0.31457352689674595,STAR,1.9762222294721141,7149585.070000001,18,397199.1705555556
A00767,10,9,3751932.41,2516930.14,18,1,1.4158244620356084,,1.5810982890350151,0.31457352689674595,STAR,1.9762222294721141,6268862.550000001,19,329940.13421052636
A01220,11,7,4782794.459999999,3520037.26,18,1,1.7969021726661991,,1.5810982890350151,0.31457352689674595,STAR,1.9762222294721141,8302831.719999999,18,461268.4288888888
A00397,7,11,2942694.56,4775646.859999999,18,1,0.9812315547329196,,1.5810982890350151,0.31457352689674595,STAR,1.9762222294721141,7718341.42,18,428796.74555555556
A00896,13,5,4978593.53,2038942.98,18,1,2.3819821127155154,,1.5810982890350151,0.31457352689674595,STAR,1.9762222294721141,7017536.51,18,389863.13944444444
A00019,10,8,3893079.34,2999735.68,18,1,1.729637227827102,,1.5810982890350151,0.31457352689674595,STAR,1.9762222294721141,6892815.02,18,382934.16777777777
A00976,7,11,3298112.02,5758977.640000001,18,1,1.4729662265768693,,1.5810982890350151,0.31457352689674595,STAR,1.9762222294721141,9057089.66,18,503171.6477777778
A00817,10,10,4734326.59,4199956.180000001,20,4,1.620410083688098,,1.6625246184652396,1.2593331011225488,NEAR_CLIQUE,1.8297294753493332,8934282.77,20,446714.1385
A01092,3,6,922635.93,1858462.5,9,3,0.320345581464672,,1.13626623778873,1.206405570706341,NEAR_CLIQUE,1.704724164278393,2781098.43,9,309010.9366666667
A00623,6,11,1511775.0299999998,3496567.19,17,1,1.061578810047444,,1.5386055678213575,0.28791510521841207,STAR,1.6607374282760174,5008342.22,17,294608.3658823529
A00738,7,10,1573071.12,3962043.340000001,17,1,1.3949925974084971,,1.5386055678213575,0.28791510521841207,STAR,1.6607374282760174,5535114.460000001,17,325594.96823529416
A01060,6,11,1813182.18,4000956.79,17,1,1.2682110861149247,,1.5386055678213575,0.28791510521841207,STAR,1.6607374282760174,5814138.97,17,342008.1747058823
A01246,7,10,2518255.47,3789902.33,17,1,0.8951749188257601,,1.5386055678213575,0.28791510521841207,STAR,1.6607374282760174,6308157.800000001,17,371068.105882353
A00808,11,7,4962690.319999999,3824315.72,17,1,1.8195562501881837,,1.5386055678213575,0.28791510521841207,STAR,1.6607374282760174,8787006.04,18,488167.00222222216
A00735,6,11,2376827.84,3291859.38,17,1,1.0613322117964648,,1.5386055678213575,0.28791510521841207,STAR,1.6607374282760174,5668687.22,17,333452.1894117647
A01253,8,10,3817011.189999999,4302972.76,17,1,1.359839803973071,,1.5386055678213575,0.28791510521841207,STAR,1.6607374282760174,8119983.949999999,18,451110.2194444444
A00020,10,7,3911087.060000001,1064070.61,17,1,2.225695289983608,,1.5386055678213575,0.28791510521841207,STAR,1.6607374282760174,4975157.670000001,17,292656.3335294118
A00288,8,9,3917816.38,4056289.13,17,1,1.2358581343744377,,1.5386055678213575,0.28791510521841207,STAR,1.6607374282760174,7974105.51,17,469065.02999999997
A00124,6,11,2417532.01,4252167.34,17,1,0.9233386266508908,,1.5386055678213575,0.28791510521841207,STAR,1.6607374282760174,6669699.35,17,392335.25588235294
A00041,18,4,1770518.75,1477233.2,22,4,2.543773013776269,,1.7397903632041665,1.1800169437976018,NEAR_CLIQUE,1.642398971897005,3247751.95,22,147625.08863636365
A00269,4,6,1449912.13,2383298.0,10,3,0.6538600875841678,,1.194783781979544,1.1248052103113408,NEAR_CLIQUE,1.5119987838485107,3833210.13,10,383321.013
A01147,5,5,2562137.26,1522428.95,10,3,1.0047708804655968,,1.194783781979544,1.1248052103113408,NEAR_CLIQUE,1.5119987838485107,4084566.21,10,408456.621
A01136,6,6,2229285.3200000003,2553140.14,11,3,1.26997825970849,,1.2503112957927607,1.0540179818933033,NEAR_CLIQUE,1.3448120770692211,4782425.460000001,12,398535.4550000001
A00658,6,5,2784565.4400000004,1296948.4200000002,11,3,1.2529363493541128,,1.2503112957927607,1.0540179818933033,NEAR_CLIQUE,1.3448120770692211,4081513.8600000003,11,371046.7145454546
A01295,9,7,3252187.38,2038145.5799999996,16,1,2.010025615676306,,1.4947833067927865,0.2609566376236958,STAR,1.3417017819690669,5290332.959999999,16,330645.80999999994
A01024,9,7,3440450.7900000005,2620724.94,16,1,1.3054445353269826,,1.4947833067927865,0.2609566376236958,STAR,1.3417017819690669,6061175.73,16,378823.483125
A00669,7,9,1856832.62,3353299.64,16,1,0.9902816952291014,,1.4947833067927865,0.2609566376236958,STAR,1.3417017819690669,5210132.26,16,325633.26625
A00375,8,8,2634210.3899999997,3281624.0900000003,16,1,1.2256901407275718,,1.4947833067927865,0.2609566376236958,STAR,1.3417017819690669,5915834.48,16,369739.655
A00485,9,7,3440046.3800000004,2749741.6799999997,16,1,1.137374562782479,,1.4947833067927865,0.2609566376236958,STAR,1.3417017819690669,6189788.0600000005,16,386861.75375000003
A00272,6,11,1415484.83,3097223.91,16,1,1.0357924816658892,,1.4947833067927865,0.2609566376236958,STAR,1.3417017819690669,4512708.74,17,265453.4552941177
A00039,7,9,2342783.83,3721577.44,16,1,0.8689421911250294,,1.4947833067927865,0.2609566376236958,STAR,1.3417017819690669,6064361.27,16,379022.579375
A00471,8,9,1719972.05,4536396.8100000005,16,1,1.1364732705766525,,1.4947833067927865,0.2609566376236958,STAR,1.3417017819690669,6256368.86,17,368021.69764705887
A00058,8,8,2367615.98,3160969.94,16,1,1.3954609357494463,,1.4947833067927865,0.2609566376236958,STAR,1.3417017819690669,5528585.92,16,345536.62
A00062,8,8,2315661.2299999995,2842964.8899999997,16,1,0.9276642311215332,,1.4947833067927865,0.2609566376236958,STAR,1.3417017819690669,5158626.119999999,16,322414.13249999995
A00851,7,9,3921712.09,4390461.34,16,1,0.8947028819539199,,1.4947833067927865,0.2609566376236958,STAR,1.3417017819690669,8312173.43,16,519510.839375
A01150,6,11,2585906.97,3660538.1,16,1,0.9844513746088248,,1.4947833067927865,0.2609566376236958,STAR,1.3417017819690669,6246445.07,17,367437.9452941177
A00184,7,5,2274176.97,1911647.07,12,3,1.0422167226357868,,1.3032543129868541,0.9917634383366789,NEAR_CLIQUE,1.1977780378522294,4185824.04,12,348818.67
A01088,3,9,1051865.83,3089417.7500000005,12,3,0.91830397996604,,1.3032543129868541,0.9917634383366789,NEAR_CLIQUE,1.1977780378522294,4141283.5800000005,12,345106.965
A00465,8,4,3972858.06,1713313.79,12,3,1.2171183797650915,,1.3032543129868541,0.9917634383366789,NEAR_CLIQUE,1.1977780378522294,5686171.85,12,473847.6541666666
A00558,5,8,1673627.11,2167039.91,13,3,1.0963942682491408,,1.3539346395530236,0.9363832384758348,NEAR_CLIQUE,1.0669799625153211,3840667.0200000005,13,295435.92461538466
A00562,8,5,3680687.83,1331981.73,13,3,1.2155191565811954,,1.3539346395530236,0.9363832384758348,NEAR_CLIQUE,1.0669799625153211,5012669.5600000005,13,385589.9661538462
A00351,9,4,3395601.7300000004,855014.8799999999,13,3,1.3757884543544612,,1.3539346395530236,0.9363832384758348,NEAR_CLIQUE,1.0669799625153211,4250616.61,13,326970.50846153847
A00072,16,15,2214826.85,2049149.49,13,3,2.492209638377717,,1.3539346395530236,0.9363832384758348,NEAR_CLIQUE,1.0669799625153211,4263976.34,31,137547.62387096774
A01021,8,5,2879334.1999999997,1992592.16,13,3,1.0923672592117424,,1.3539346395530236,0.9363832384758348,NEAR_CLIQUE,1.0669799625153211,4871926.359999999,13,374763.5661538461
A00377,6,7,2095877.15,2409426.4699999997,13,3,0.8103542761214724,,1.3539346395530236,0.9363832384758348,NEAR_CLIQUE,1.0669799625153211,4505303.619999999,13,346561.81692307687
A01042,8,5,2782220.7299999995,2423377.61,13,3,1.471228320798228,,1.3539346395530236,0.9363832384758348,NEAR_CLIQUE,1.0669799625153211,5205598.34,13,400430.64153846155
A00425,10,5,4746829.8,1641778.72,15,1,1.7939410906815905,,1.4495026600949348,0.2336873935635092,STAR,1.0189883015949546,6388608.52,15,425907.23466666666
A00211,11,4,4144876.11,1933166.87,15,1,2.455308477752447,,1.4495026600949348,0.2336873935635092,STAR,1.0189883015949546,6078042.98,15,405202.8653333334
A01188,9,6,3231216.29,2089632.34,15,1,1.0960417970369,,1.4495026600949348,0.2336873935635092,STAR,1.0189883015949546,5320848.63,15,354723.24199999997
A00525,8,7,2880694.4800000004,3657045.79,15,1,1.351651303172965,,1.4495026600949348,0.2336873935635092,STAR,1.0189883015949546,6537740.2700000005,15,435849.35133333335
A00219,5,10,1925927.04,4760523.370000001,15,1,1.703557447809991,,1.4495026600949348,0.2336873935635092,STAR,1.0189883015949546,6686450.410000001,15,445763.36066666676
A00296,6,9,2578424.7,2641502.61,15,1,0.9534563215804258,,1.4495026600949348,0.2336873935635092,STAR,1.0189883015949546,5219927.3100000005,15,347995.15400000004
A00580,9,6,3919130.77,1594381.4400000002,15,1,1.4611222239905906,,1.4495026600949348,0.2336873935635092,STAR,1.0189883015949546,5513512.21,15,367567.48066666664
A01226,5,10,883558.87,4366916.720000001,15,1,0.793673302209346,,1.4495026600949348,0.2336873935635092,STAR,1.0189883015949546,5250475.590000001,15,350031.70600000006
A00585,8,7,2164152.36,2560631.6599999997,15,1,1.3796649810102386,,1.4495026600949348,0.2336873935635092,STAR,1.0189883015949546,4724784.02,15,314985.6013333333
A00577,9,6,4147951.09,2118389.04,15,1,1.339251152972038,,1.4495026600949348,0.2336873935635092,STAR,1.0189883015949546,6266340.13,15,417756.00866666663
A00250,8,7,3177486.12,2372345.1,15,1,1.082964989048617,,1.4495026600949348,0.2336873935635092,STAR,1.0189883015949546,5549831.220000001,15,369988.748
A01183,9,6,2799409.49,2126735.47,15,1,1.1313847796705434,,1.4495026600949348,0.2336873935635092,STAR,1.0189883015949546,4926144.960000001,15,328409.66400000005
A01252,8,7,3021664.0999999996,1838427.48,15,1,1.425507355801632,,1.4495026600949348,0.2336873935635092,STAR,1.0189883015949546,4860091.58,15,324006.1053333333
A00968,8,7,1493034.7100000002,2435492.89,15,1,1.1590098837612035,,1.4495026600949348,0.2336873935635092,STAR,1.0189883015949546,3928527.6000000006,15,261901.84000000003
A00920,7,8,2542078.9699999997,2854018.24,15,1,1.0679151774758846,,1.4495026600949348,0.2336873935635092,STAR,1.0189883015949546,5396097.21,15,359739.814
A00134,9,6,2854587.91,2444880.42,15,1,1.6628617437884812,,1.4495026600949348,0.2336873935635092,STAR,1.0189883015949546,5299468.33,15,353297.8886666667
A00138,7,8,3014901.05,2373117.79,15,1,1.1972095775990026,,1.4495026600949348,0.2336873935635092,STAR,1.0189883015949546,5388018.84,15,359201.256
A00796,7,8,2640673.8300000005,3293564.08,15,1,1.225529850994412,,1.4495026600949348,0.2336873935635092,STAR,1.0189883015949546,5934237.91,15,395615.8606666667
A00148,6,9,2267929.12,3500844.9200000004,15,1,1.1114757220750353,,1.4495026600949348,0.2336873935635092,STAR,1.0189883015949546,5768774.040000001,15,384584.93600000005
A00782,9,6,3792290.1200000006,3057051.35,15,1,1.080223926339096,,1.4495026600949348,0.2336873935635092,STAR,1.0189883015949546,6849341.470000001,15,456622.7646666667
A01272,7,8,3280301.0500000003,2040675.62,15,1,1.604366895001148,,1.4495026600949348,0.2336873935635092,STAR,1.0189883015949546,5320976.67,15,354731.778
A00845,9,6,3453193.0700000003,1994218.8600000003,15,1,1.7051016921087454,,1.4495026600949348,0.2336873935635092,STAR,1.0189883015949546,5447411.930000001,15,363160.7953333334
A01257,10,5,4126856.100000001,2183789.73,15,1,2.117170757864995,,1.4495026600949348,0.2336873935635092,STAR,1.0189883015949546,6310645.830000001,15,420709.72200000007
A00129,6,9,2465804.2,2460172.53,15,1,0.7179640969644732,,1.4495026600949348,0.2336873935635092,STAR,1.0189883015949546,4925976.73,15,328398.4486666667
A01039,8,7,2558159.5599999996,2474917.6,15,1,1.5513355655604335,,1.4495026600949348,0.2336873935635092,STAR,1.0189883015949546,5033077.16,15,335538.47733333334
A01003,5,10,2129823.48,3936315.18,15,1,0.9059622215147616,,1.4495026600949348,0.2336873935635092,STAR,1.0189883015949546,6066138.66,15,404409.244
A01033,7,9,2248430.0799999996,3657415.11,15,1,1.0198882234509477,,1.4495026600949348,0.2336873935635092,STAR,1.0189883015949546,5905845.1899999995,16,369115.32437499997
A00902,6,9,1503122.92,2546231.42,15,1,1.1880229509502165,,1.4495026600949348,0.2336873935635092,STAR,1.0189883015949546,4049354.34,15,269956.956
A01286,9,6,2876847.3599999994,1752795.8599999996,15,1,1.7651833687083816,,1.4495026600949348,0.2336873935635092,STAR,1.0189883015949546,4629643.219999999,15,308642.88133333327
A00185,9,6,3817567.48,2306754.41,15,1,1.6193614138427854,,1.4495026600949348,0.2336873935635092,STAR,1.0189883015949546,6124321.890000001,15,408288.12600000005
A00730,6,9,2701910.08,4788900.5600000005,15,1,1.133511259259979,,1.4495026600949348,0.2336873935635092,STAR,1.0189883015949546,7490810.640000001,15,499387.37600000005
A01011,5,9,1557286.03,3491743.45,14,3,1.088173890323635,,1.4026126811277986,0.8866383174194903,NEAR_CLIQUE,0.9494914025551633,5049029.48,14,360644.9628571429
A01131,8,6,4292870.71,1627282.2399999998,14,3,1.2291024536417483,,1.4026126811277986,0.8866383174194903,NEAR_CLIQUE,0.9494914025551633,5920152.949999999,14,422868.0678571428
A01182,2,12,343923.45,3768426.43,14,3,0.4768004893452057,,1.4026126811277986,0.8866383174194903,NEAR_CLIQUE,0.9494914025551633,4112349.8800000004,14,293739.27714285714
A00687,6,8,2292144.88,2932670.23,14,3,1.0643647048511191,,1.4026126811277986,0.8866383174194903,NEAR_CLIQUE,0.9494914025551633,5224815.109999999,14,373201.07928571425
A00823,7,8,2579574.97,2983343.66,15,3,1.489278093983461,,1.4495026600949348,0.8415815012389777,NEAR_CLIQUE,0.8430753034434169,5562918.630000001,15,370861.242
A01256,6,9,978621.16,2267233.02,15,3,0.9130015511221784,,1.4495026600949348,0.8415815012389777,NEAR_CLIQUE,0.8430753034434169,3245854.18,15,216390.27866666668
A01266,7,8,1866677.27,2849705.24,15,3,1.0849763778625168,,1.4495026600949348,0.8415815012389777,NEAR_CLIQUE,0.8430753034434169,4716382.51,15,314425.50066666666
A01243,10,6,2996548.84,1716882.49,16,3,1.5486239830328523,,1.4947833067927865,0.8004744803376563,NEAR_CLIQUE,0.7459879106525426,4713431.33,16,294589.458125
A00361,7,9,2830922.11,3825487.08,16,3,0.9957126498630382,,1.4947833067927865,0.8004744803376563,NEAR_CLIQUE,0.7459879106525426,6656409.1899999995,16,416025.57437499997
A01284,7,9,2477777.16,2951008.99,16,3,0.8760554809549395,,1.4947833067927865,0.8004744803376563,NEAR_CLIQUE,0.7459879106525426,5428786.15,16,339299.134375
A00234,7,9,2632983.27,4109773.63,16,3,1.1821832863469448,,1.4947833067927865,0.8004744803376563,NEAR_CLIQUE,0.7459879106525426,6742756.9,16,421422.30625
A01065,4,12,2399041.3600000003,5009340.31,16,3,0.7997016285011652,,1.4947833067927865,0.8004744803376563,NEAR_CLIQUE,0.7459879106525426,7408381.67,16,463023.854375
A00051,8,7,2586642.59,2379599.4000000004,14,1,1.4229319032566832,,1.4026126811277986,0.20609676701318996,STAR,0.6924714718616488,4966241.99,15,331082.7993333333
A00220,7,7,1608247.94,2814748.93,14,1,0.7765931741139965,,1.4026126811277986,0.20609676701318996,STAR,0.6924714718616488,4422996.87,14,315928.34785714286
A01210,6,8,2508938.71,2897253.87,14,1,0.8538492483005506,,1.4026126811277986,0.20609676701318996,STAR,0.6924714718616488,5406192.58,14,386156.61285714287
A00401,8,6,2974506.4199999995,2903202.94,14,1,1.4069891929697933,,1.4026126811277986,0.20609676701318996,STAR,0.6924714718616488,5877709.359999999,14,419836.38285714283
A00402,6,8,1334956.39,3142800.1100000003,14,1,1.909080083711321,,1.4026126811277986,0.20609676701318996,STAR,0.6924714718616488,4477756.5,14,319839.75
A00468,4,10,1339798.5100000002,3914395.28,14,1,1.526082924978827,,1.4026126811277986,0.20609676701318996,STAR,0.6924714718616488,5254193.79,14,375299.5564285714
A00550,9,5,3124596.34,2038933.2900000005,14,1,1.1843347203885215,,1.4026126811277986,0.20609676701318996,STAR,0.6924714718616488,5163529.630000001,14,368823.54500000004
A00389,8,6,3213085.3299999996,2608947.9000000004,14,1,1.611455032258851,,1.4026126811277986,0.20609676701318996,STAR,0.6924714718616488,5822033.23,14,415859.5164285715
A00889,10,4,4955514.65,1426628.22,14,1,1.6188133889916014,,1.4026126811277986,0.20609676701318996,STAR,0.6924714718616488,6382142.87,14,455867.34785714286
A01222,9,5,3548210.1199999996,1438020.49,14,1,1.7008587917586322,,1.4026126811277986,0.20609676701318996,STAR,0.6924714718616488,4986230.609999999,14,356159.32928571425
A00717,8,6,2232607.4299999997,3116195.33,14,1,1.552673448274772,,1.4026126811277986,0.20609676701318996,STAR,0.6924714718616488,5348802.76,14,382057.33999999997
A00382,4,11,1613138.89,3571738.63,14,1,0.9334123006488289,,1.4026126811277986,0.20609676701318996,STAR,0.6924714718616488,5184877.52,15,345658.5013333333
A00090,6,8,2555355.2599999993,2666398.64,14,1,1.0282620181164688,,1.4026126811277986,0.20609676701318996,STAR,0.6924714718616488,5221753.899999999,14,372982.4214285714
A00295,5,9,2336106.62,2639052.1799999997,14,1,1.0536898737569038,,1.4026126811277986,0.20609676701318996,STAR,0.6924714718616488,4975158.8,14,355368.4857142857
A00748,9,6,3997527.25,1866253.28,14,1,1.7762331208875697,,1.4026126811277986,0.20609676701318996,STAR,0.6924714718616488,5863780.53,15,390918.702
A01276,4,10,2357954.01,3193207.99,14,1,0.6670815022592417,,1.4026126811277986,0.20609676701318996,STAR,0.6924714718616488,5551162.0,14,396511.5714285714
A00281,7,7,2091129.97,2496536.67,14,1,1.48701544231604,,1.4026126811277986,0.20609676701318996,STAR,0.6924714718616488,4587666.64,14,327690.47428571427
A00825,8,6,3244550.03,2020270.49,14,1,1.2869657252551712,,1.4026126811277986,0.20609676701318996,STAR,0.6924714718616488,5264820.52,14,376058.6085714285
A00169,4,10,1579206.12,3312315.8599999994,14,1,0.8539912047974867,,1.4026126811277986,0.20609676701318996,STAR,0.6924714718616488,4891521.9799999995,14,349394.4271428571
A00781,7,7,2837231.14,2509286.31,14,1,1.1122810441822852,,1.4026126811277986,0.20609676701318996,STAR,0.6924714718616488,5346517.45,14,381894.10357142857
A00797,10,4,4375080.91,871071.47,14,1,1.3444778888043276,,1.4026126811277986,0.20609676701318996,STAR,0.6924714718616488,5246152.38,14,374725.17
A01199,5,9,1404586.86,3331131.08,14,1,0.5979436448725607,,1.4026126811277986,0.20609676701318996,STAR,0.6924714718616488,4735717.94,14,338265.5671428572
A00629,7,10,2559531.8600000003,3097559.41,17,3,1.3392108436741132,,1.5386055678213575,0.7627319607642619,NEAR_CLIQUE,0.6568468650988954,5657091.2700000005,17,332770.0747058824
A00031,6,11,2276203.08,3940551.72,17,3,0.7528870516865017,,1.5386055678213575,0.7627319607642619,NEAR_CLIQUE,0.6568468650988954,6216754.800000001,17,365691.4588235295
A01002,9,9,3158069.93,3352657.26,18,3,1.3398057313324463,,1.5810982890350151,0.7278830627475158,NEAR_CLIQUE,0.5745400334215801,6510727.1899999995,18,361707.0661111111
A00883,8,10,3387979.99,4536066.51,18,3,0.9369068239625192,,1.5810982890350151,0.7278830627475158,NEAR_CLIQUE,0.5745400334215801,7924046.5,18,440224.80555555556
A00698,8,11,3736600.14,5440884.859999999,19,3,1.686378130860466,,1.6223724875581822,0.6955440018538481,NEAR_CLIQUE,0.4981609857886101,9177485.0,19,483025.5263157895
A00380,9,10,3481413.1500000004,3440527.1,19,3,2.3432012573917445,,1.6223724875581822,0.6955440018538481,NEAR_CLIQUE,0.4981609857886101,6921940.25,19,364312.6447368421
A00973,2,4,675157.68,1622265.26,6,2,0.2884877752790444,,0.9365919154863585,0.6717656272495378,NEAR_CLIQUE,0.44200074005640194,2297422.94,6,382903.8233333333
A00339,11,9,4384451.0200000005,3912212.31,20,3,1.5544382882275158,,1.6625246184652396,0.6653983492054555,NEAR_CLIQUE,0.4269623740809523,8296663.33,20,414833.1665
A00497,7,6,3273905.86,1102027.36,13,1,1.2063208791545332,,1.3539346395530236,0.1781746838776566,STAR,0.3620320725121378,4375933.22,13,336610.2476923077
A00435,7,7,2658107.11,2880556.4299999997,13,1,1.3278630638566309,,1.3539346395530236,0.1781746838776566,STAR,0.3620320725121378,5538663.539999999,14,395618.82428571425
A00713,6,7,2941868.78,2617965.5300000003,13,1,1.1238333914048737,,1.3539346395530236,0.1781746838776566,STAR,0.3620320725121378,5559834.3100000005,13,427679.56230769237
A00711,8,5,3125031.44,1672378.21,13,1,1.5090525659140694,,1.3539346395530236,0.1781746838776566,STAR,0.3620320725121378,4797409.65,13,369031.51153846155
A00736,5,8,1608296.63,2134541.9,13,1,0.9689808934248536,,1.3539346395530236,0.1781746838776566,STAR,0.3620320725121378,3742838.53,13,287910.6561538461
A00421,7,6,1940773.65,3703534.28,13,1,1.160559919661277,,1.3539346395530236,0.1781746838776566,STAR,0.3620320725121378,5644307.93,13,434177.53307692305
A01007,9,4,3907099.99,1288815.65,13,1,2.317321222220383,,1.3539346395530236,0.1781746838776566,STAR,0.3620320725121378,5195915.640000001,13,399685.8184615385
A01070,11,2,3326068.44,1043118.39,13,1,1.9720991549608549,,1.3539346395530236,0.1781746838776566,STAR,0.3620320725121378,4369186.83,13,336091.2946153846
A00754,11,2,4699583.67,389243.61,13,1,2.0868524499838115,,1.3539346395530236,0.1781746838776566,STAR,0.3620320725121378,5088827.28,13,391448.2523076923
A00619,11,2,5914629.42,596345.9,13,1,1.7914596645449516,,1.3539346395530236,0.1781746838776566,STAR,0.3620320725121378,6510975.32,13,500844.2553846154
A00606,6,7,2068965.88,1760570.9400000002,13,1,1.345580171135404,,1.3539346395530236,0.1781746838776566,STAR,0.3620320725121378,3829536.8200000003,13,294579.7553846154
A00815,6,7,1916733.41,2338730.02,13,1,0.9651951014298722,,1.3539346395530236,0.1781746838776566,STAR,0.3620320725121378,4255463.43,13,327343.34076923074
A00488,5,8,1243448.38,3021783.11,13,1,0.5807635509520807,,1.3539346395530236,0.1781746838776566,STAR,0.3620320725121378,4265231.49,13,328094.73000000004
A01173,6,7,2827600.5700000003,1733765.97,13,1,1.0784532463628138,,1.3539346395530236,0.1781746838776566,STAR,0.3620320725121378,4561366.54,13,350874.3492307692
A00954,7,6,2513418.27,2667252.5399999996,13,1,1.2249459811966608,,1.3539346395530236,0.1781746838776566,STAR,0.3620320725121378,5180670.81,13,398513.1392307692
A01157,7,6,2381780.13,2568910.48,13,1,1.159879665935429,,1.3539346395530236,0.1781746838776566,STAR,0.3620320725121378,4950690.609999999,13,380822.3546153846
A00937,7,6,2418941.5700000003,2388816.76,13,1,1.276971543664687,,1.3539346395530236,0.1781746838776566,STAR,0.3620320725121378,4807758.33,13,369827.56384615385
A01099,6,7,2677255.2499999995,2486445.66,13,1,1.2522301852578552,,1.3539346395530236,0.1781746838776566,STAR,0.3620320725121378,5163700.91,13,397207.7623076923
A00863,9,4,4153199.15,1128503.13,13,1,0.9863488038668748,,1.3539346395530236,0.1781746838776566,STAR,0.3620320725121378,5281702.279999999,13,406284.7907692307
A00555,4,9,832248.52,3478979.8200000003,13,1,0.598955170212966,,1.3539346395530236,0.1781746838776566,STAR,0.3620320725121378,4311228.34,13,331632.94923076924
A00541,5,8,1630595.82,1506934.4,13,1,0.9787236462323056,,1.3539346395530236,0.1781746838776566,STAR,0.3620320725121378,3137530.2199999997,13,241348.47846153844
A00895,7,6,2487238.76,1950266.66,13,1,1.5073638124626658,,1.3539346395530236,0.1781746838776566,STAR,0.3620320725121378,4437505.42,13,341346.5707692308
A00524,9,4,3688007.19,1349285.5,13,1,1.26006914712553,,1.3539346395530236,0.1781746838776566,STAR,0.3620320725121378,5037292.6899999995,13,387484.053076923
A00517,10,3,3095385.9299999997,1326848.09,13,1,1.454521008077876,,1.3539346395530236,0.1781746838776566,STAR,0.3620320725121378,4422234.02,13,340171.84769230767
A01135,6,7,1829843.73,2125642.94,13,1,1.61228451922378,,1.3539346395530236,0.1781746838776566,STAR,0.3620320725121378,3955486.67,13,304268.2053846154
A00726,4,9,1577044.4999999998,2155742.96,13,1,0.5921013244707708,,1.3539346395530236,0.1781746838776566,STAR,0.3620320725121378,3732787.46,13,287137.4969230769
A00001,8,5,3005765.3699999996,1501120.13,13,1,1.2585296967623074,,1.3539346395530236,0.1781746838776566,STAR,0.3620320725121378,4506885.5,13,346683.5
A00011,8,6,2898481.3899999997,2431711.89,13,1,1.3734597230419274,,1.3539346395530236,0.1781746838776566,STAR,0.3620320725121378,5330193.279999999,14,380728.0914285714
A01208,8,5,2443716.83,2149915.42,13,1,1.2981489234943668,,1.3539346395530236,0.1781746838776566,STAR,0.3620320725121378,4593632.25,13,353356.32692307694
A00113,6,7,1885080.22,3129192.0300000003,13,1,1.4685713313944937,,1.3539346395530236,0.1781746838776566,STAR,0.3620320725121378,5014272.25,13,385713.25
A00093,7,6,3181083.9599999995,2216880.55,13,1,1.1409431457077477,,1.3539346395530236,0.1781746838776566,STAR,0.3620320725121378,5397964.51,13,415228.0392307692
A00336,5,8,1420044.35,2960204.68,13,1,0.9012819314185634,,1.3539346395530236,0.1781746838776566,STAR,0.3620320725121378,4380249.03,13,336942.2330769231
A00182,8,5,3059733.21,1964955.4699999995,13,1,0.9695016633230652,,1.3539346395530236,0.1781746838776566,STAR,0.3620320725121378,5024688.68,13,386514.5138461538
A00249,5,8,1823327.36,3009764.81,13,1,0.9995488216944368,,1.3539346395530236,0.1781746838776566,STAR,0.3620320725121378,4833092.17,13,371776.3207692308
A01206,4,9,1863869.15,3014958.09,13,1,0.9945457974694664,,1.3539346395530236,0.1781746838776566,STAR,0.3620320725121378,4878827.24,13,375294.4030769231
A00080,7,6,2318969.35,2288028.84,13,1,1.104260850243433,,1.3539346395530236,0.1781746838776566,STAR,0.3620320725121378,4606998.1899999995,13,354384.47615384613
A01244,5,8,2268848.22,2037493.27,13,1,0.9668862804155426,,1.3539346395530236,0.1781746838776566,STAR,0.3620320725121378,4306341.49,13,331257.0376923077
A01294,8,5,3093152.66,817011.29,13,1,1.5338908876498616,,1.3539346395530236,0.1781746838776566,STAR,0.3620320725121378,3910163.95,13,300781.84230769234
A00106,9,4,4317307.890000001,2159915.3600000003,13,1,1.7489821876809792,,1.3539346395530236,0.1781746838776566,STAR,0.3620320725121378,6477223.250000001,13,498247.94230769237
A00301,6,7,3154680.96,2654093.7,13,1,1.3504402988000892,,1.3539346395530236,0.1781746838776566,STAR,0.3620320725121378,5808774.66,13,446828.82
A00213,5,8,1447778.5,2890401.82,13,1,0.6378792385232425,,1.3539346395530236,0.1781746838776566,STAR,0.3620320725121378,4338180.32,13,333706.1784615385
A00324,9,4,2140904.84,1006026.26,13,1,1.4280830502200548,,1.3539346395530236,0.1781746838776566,STAR,0.3620320725121378,3146931.0999999996,13,242071.62307692305
A01205,6,7,3186885.85,2872563.17,13,1,1.063894472896333,,1.3539346395530236,0.1781746838776566,STAR,0.3620320725121378,6059449.02,13,466111.46307692304
A00069,14,17,1217291.76,3430442.14,13,1,1.722168081158332,,1.3539346395530236,0.1781746838776566,STAR,0.3620320725121378,4647733.9,31,149926.90000000002
A00834,5,2,2456273.16,672357.74,7,2,1.4570290558225376,,1.0079964321715564,0.5938316890621104,NEAR_CLIQUE,0.2579347896995064,3128630.9000000004,7,446947.2714285715
A00314,3,4,884027.48,1727969.9300000002,7,2,0.6260541840377347,,1.0079964321715564,0.5938316890621104,NEAR_CLIQUE,0.2579347896995064,2611997.41,7,373142.48714285716
A00013,17,6,1803714.1,2127223.1199999996,23,3,2.6126619872651333,,1.7770443332913797,0.5856873601482991,NEAR_CLIQUE,0.23869934906343132,3930937.2199999997,23,170910.31391304347
A00592,7,1,2791983.25,206903.1,8,2,1.6787514813333315,,1.0742354324824788,0.5298711682311406,NEAR_CLIQUE,0.1068715388759554,2998886.35,8,374860.79375
A01280,2,6,676159.39,1641488.6900000002,8,2,0.4043763365805512,,1.0742354324824788,0.5298711682311406,NEAR_CLIQUE,0.1068715388759554,2317648.08,8,289706.01
A00867,5,7,1628766.98,2540801.04,12,1,0.7859051336275842,,1.3032543129868541,0.1499122630355642,STAR,0.027565001345110113,4169568.02,12,347464.00166666665
A01214,4,8,872503.78,3893685.1099999994,12,1,0.694211365161739,,1.3032543129868541,0.1499122630355642,STAR,0.027565001345110113,4766188.89,12,397182.4075
A01281,6,6,2663319.9599999995,2364622.7199999997,12,1,0.8397916162653902,,1.3032543129868541,0.1499122630355642,STAR,0.027565001345110113,5027942.68,12,418995.2233333333
A00888,5,7,1982050.29,3188360.8499999996,12,1,0.8086076457181367,,1.3032543129868541,0.1499122630355642,STAR,0.027565001345110113,5170411.14,12,430867.595
A01247,7,5,3256718.6999999997,1578823.25,12,1,0.980555325645474,,1.3032543129868541,0.1499122630355642,STAR,0.027565001345110113,4835541.949999999,12,402961.8291666666
A00053,8,4,2216220.11,1487202.9,12,1,1.6389375792948957,,1.3032543129868541,0.1499122630355642,STAR,0.027565001345110113,3703423.01,12,308618.58416666667
A00178,5,7,2255539.77,1633689.9,12,1,0.773831994025827,,1.3032543129868541,0.1499122630355642,STAR,0.027565001345110113,3889229.67,12,324102.4725
A00540,3,9,1229063.5499999998,3480158.82,12,1,0.4809621957694169,,1.3032543129868541,0.1499122630355642,STAR,0.027565001345110113,4709222.369999999,12,392435.19749999995
A00692,6,6,2840263.36,2318740.93,12,1,0.7573828523135843,,1.3032543129868541,0.1499122630355642,STAR,0.027565001345110113,5159004.29,12,429917.02416666667
A00829,5,7,2290454.8400000003,2839350.92,12,1,0.7964553760387489,,1.3032543129868541,0.1499122630355642,STAR,0.027565001345110113,5129805.76,12,427483.8133333333
A00245,5,7,1459370.11,1836021.75,12,1,0.8194511934367443,,1.3032543129868541,0.1499122630355642,STAR,0.027565001345110113,3295391.8600000003,12,274615.98833333334
A01047,3,9,974136.06,2182687.0199999996,12,1,0.522080611574196,,1.3032543129868541,0.1499122630355642,STAR,0.027565001345110113,3156823.0799999996,12,263068.58999999997
A01048,6,6,2187082.29,2740529.8,12,1,0.9149759010643236,,1.3032543129868541,0.1499122630355642,STAR,0.027565001345110113,4927612.09,12,410634.3408333333
A00327,7,5,2058800.47,2808592.81,12,1,0.9495747498674394,,1.3032543129868541,0.1499122630355642,STAR,0.027565001345110113,4867393.28,12,405616.1066666667
A01085,6,6,2161162.6100000003,2418510.27,12,1,1.0649135220703938,,1.3032543129868541,0.1499122630355642,STAR,0.027565001345110113,4579672.880000001,12,381639.40666666673
A00807,5,7,1801431.1,2464653.4000000004,12,1,0.95253815119615,,1.3032543129868541,0.1499122630355642,STAR,0.027565001345110113,4266084.5,12,355507.0416666667
A00276,4,8,960801.57,3529388.6799999997,12,1,0.495461885887,,1.3032543129868541,0.1499122630355642,STAR,0.027565001345110113,4490190.25,12,374182.5208333333
A00798,8,5,4304403.51,2010662.0300000005,12,1,1.3268692208899622,,1.3032543129868541,0.1499122630355642,STAR,0.027565001345110113,6315065.54,13,485774.2723076923
A00652,2,10,772775.86,4907764.49,12,1,0.4248825004880848,,1.3032543129868541,0.1499122630355642,STAR,0.027565001345110113,5680540.350000001,12,473378.36250000005
A01094,5,7,2569659.62,3059727.78,12,1,0.8642905093046435,,1.3032543129868541,0.1499122630355642,STAR,0.027565001345110113,5629387.4,12,469115.6166666667
A00163,4,8,1251717.96,3227542.13,12,1,0.7263446282356559,,1.3032543129868541,0.1499122630355642,STAR,0.027565001345110113,4479260.09,12,373271.67416666663
A00166,5,7,2337913.78,2553385.69,12,1,1.1507808849981234,,1.3032543129868541,0.1499122630355642,STAR,0.027565001345110113,4891299.47,12,407608.2891666666
A00634,6,6,1088231.6,1048753.36,12,1,0.6475816600917808,,1.3032543129868541,0.1499122630355642,STAR,0.027565001345110113,2136984.96,12,178082.08
A00636,5,7,878119.37,2186889.62,12,1,0.974503172178118,,1.3032543129868541,0.1499122630355642,STAR,0.027565001345110113,3065008.99,12,255417.41583333336
A00729,8,4,2795750.31,1577039.08,12,1,1.0230675640733335,,1.3032543129868541,0.1499122630355642,STAR,0.027565001345110113,4372789.390000001,12,364399.1158333334
A00512,7,5,3170627.17,2448155.76,12,1,1.01779509961619,,1.3032543129868541,0.1499122630355642,STAR,0.027565001345110113,5618782.93,12,468231.9108333333
A00721,3,9,1469629.06,4093015.15,12,1,0.6197606268434762,,1.3032543129868541,0.1499122630355642,STAR,0.027565001345110113,5562644.21,12,463553.68416666664
A00715,5,7,1652436.5299999998,2884692.46,12,1,0.8890159880813052,,1.3032543129868541,0.1499122630355642,STAR,0.027565001345110113,4537128.99,12,378094.0825
A00463,3,10,1658341.78,4367558.66,12,1,0.4543511897102894,,1.3032543129868541,0.1499122630355642,STAR,0.027565001345110113,6025900.44,13,463530.8030769231
A00354,4,8,1542872.69,4286684.91,12,1,1.0578138734531086,,1.3032543129868541,0.1499122630355642,STAR,0.027565001345110113,5829557.6,12,485796.4666666666
A01143,3,9,933103.06,3391116.81,12,1,0.5989965103016531,,1.3032543129868541,0.1499122630355642,STAR,0.027565001345110113,4324219.87,12,360351.6558333333
A00360,2,10,390730.25,5020959.6,12,1,0.5195892759855321,,1.3032543129868541,0.1499122630355642,STAR,0.027565001345110113,5411689.85,12,450974.1541666666
A01176,9,3,3177144.9,1286910.12,12,1,1.5877676749607073,,1.3032543129868541,0.1499122630355642,STAR,0.027565001345110113,4464055.02,12,372004.58499999996
A01248,4,8,1291743.73,3424839.72,12,1,1.1889126382679571,,1.3032543129868541,0.1499122630355642,STAR,0.027565001345110113,4716583.45,12,393048.62083333335
A00484,4,8,1902548.23,2067408.94,12,1,0.6740511563094909,,1.3032543129868541,0.1499122630355642,STAR,0.027565001345110113,3969957.17,12,330829.76416666666
A01022,4,8,1643981.39,3698346.31,12,1,1.1789727075503995,,1.3032543129868541,0.1499122630355642,STAR,0.027565001345110113,5342327.7,12,445193.97500000003
A00191,5,7,2020704.7,2425713.0,12,1,0.7739341675110769,,1.3032543129868541,0.1499122630355642,STAR,0.027565001345110113,4446417.7,12,370534.80833333335
A01009,6,6,2515296.84,3203490.99,12,1,1.1061700393229696,,1.3032543129868541,0.1499122630355642,STAR,0.027565001345110113,5718787.83,12,476565.6525
A00486,7,5,4016705.03,2572674.55,12,1,0.9110592828358496,,1.3032543129868541,0.1499122630355642,STAR,0.027565001345110113,6589379.58,12,549114.965
A00915,8,4,2895643.84,1736679.09,12,1,1.158662035113375,,1.3032543129868541,0.1499122630355642,STAR,0.027565001345110113,4632322.93,12,386026.9108333333
A00907,7,5,2896392.27,2140528.46,12,1,0.9968272429962134,,1.3032543129868541,0.1499122630355642,STAR,0.027565001345110113,5036920.73,12,419743.3941666667
A01213,8,4,3106163.9099999997,1497250.7599999998,12,1,1.0248425674989872,,1.3032543129868541,0.1499122630355642,STAR,0.027565001345110113,4603414.67,12,383617.88916666666
A00905,6,6,2263690.54,1928349.18,12,1,1.0566036056418344,,1.3032543129868541,0.1499122630355642,STAR,0.027565001345110113,4192039.7199999997,12,349336.6433333333
A01192,5,7,1976969.91,2110625.76,12,1,0.6272897652539171,,1.3032543129868541,0.1499122630355642,STAR,0.027565001345110113,4087595.67,12,340632.9725
A01198,7,5,2623773.4599999995,2591913.65,12,1,1.510590886420369,,1.3032543129868541,0.1499122630355642,STAR,0.027565001345110113,5215687.109999999,12,434640.59249999997
A00010,4,5,1704998.87,2033896.68,9,2,0.5783414604877699,,1.13626623778873,0.47591640707570426,NEAR_CLIQUE,-0.020559906516558233,3738895.55,9,415432.8388888889
A00967,3,6,1409847.16,1775356.17,9,2,0.6245717273949198,,1.13626623778873,0.47591640707570426,NEAR_CLIQUE,-0.020559906516558233,3185203.33,9,353911.4811111111
A00002,4,5,989603.56,2176518.59,9,2,0.7143521867414354,,1.13626623778873,0.47591640707570426,NEAR_CLIQUE,-0.020559906516558233,3166122.15,9,351791.35
A00505,4,5,2199273.83,2781867.04,9,2,0.8551670727981847,,1.13626623778873,0.47591640707570426,NEAR_CLIQUE,-0.020559906516558233,4981140.87,9,553460.0966666667
A00514,5,4,1965609.88,1023265.01,9,2,0.8777124123252886,,1.13626623778873,0.47591640707570426,NEAR_CLIQUE,-0.020559906516558233,2988874.8899999997,9,332097.20999999996
A01237,5,5,1985606.71,2309938.55,10,2,1.3445838100249723,,1.194783781979544,0.4294153141786397,NEAR_CLIQUE,-0.13038712756816012,4295545.26,10,429554.52599999995
A01254,6,4,1934901.73,1803913.49,10,2,0.884198821007388,,1.194783781979544,0.4294153141786397,NEAR_CLIQUE,-0.13038712756816012,3738815.2199999997,10,373881.522
A00945,6,4,1060998.63,1219282.21,10,2,1.002242065333604,,1.194783781979544,0.4294153141786397,NEAR_CLIQUE,-0.13038712756816012,2280280.84,10,228028.08399999997
A00237,4,6,1408830.75,2280416.56,10,2,0.5642670582008777,,1.194783781979544,0.4294153141786397,NEAR_CLIQUE,-0.13038712756816012,3689247.31,10,368924.731
A00761,6,4,1446840.57,1408944.4,10,2,0.9168164969204772,,1.194783781979544,0.4294153141786397,NEAR_CLIQUE,-0.13038712756816012,2855784.9699999997,10,285578.497
A01067,4,6,1629506.6,1320819.85,10,2,0.8639334303663952,,1.194783781979544,0.4294153141786397,NEAR_CLIQUE,-0.13038712756816012,2950326.45,10,295032.645
A00922,4,6,565732.97,1336437.44,10,2,0.6404462367100006,,1.194783781979544,0.4294153141786397,NEAR_CLIQUE,-0.13038712756816012,1902170.41,10,190217.041
A00018,2,8,1279055.13,2627746.1,10,2,0.5240790663510246,,1.194783781979544,0.4294153141786397,NEAR_CLIQUE,-0.13038712756816012,3906801.23,10,390680.123
A00876,3,7,1270930.56,2263674.97,10,2,0.4763898111247326,,1.194783781979544,0.4294153141786397,NEAR_CLIQUE,-0.13038712756816012,3534605.5300000003,10,353460.553
A00528,6,4,2348263.88,1760899.5299999998,10,2,1.0292912366060702,,1.194783781979544,0.4294153141786397,NEAR_CLIQUE,-0.13038712756816012,4109163.4099999997,10,410916.34099999996
A00304,3,8,840347.5399999999,2385526.4200000004,11,2,0.4597374108743758,,1.2503112957927607,0.388640475203152,NEAR_CLIQUE,-0.22668996637277358,3225873.9600000004,11,293261.2690909091
A00005,5,6,2120479.16,1497517.08,11,2,1.058396989877586,,1.2503112957927607,0.388640475203152,NEAR_CLIQUE,-0.22668996637277358,3617996.24,11,328908.7490909091
A00157,6,5,1586235.8200000003,2150219.79,11,2,1.2159533269604066,,1.2503112957927607,0.388640475203152,NEAR_CLIQUE,-0.22668996637277358,3736455.6100000003,11,339677.7827272728
A00741,7,4,2767722.85,1745731.58,11,2,2.2563043621026506,,1.2503112957927607,0.388640475203152,NEAR_CLIQUE,-0.22668996637277358,4513454.43,11,410314.03909090906
A00385,4,7,1206074.48,3343995.69,11,2,0.5725114175712062,,1.2503112957927607,0.388640475203152,NEAR_CLIQUE,-0.22668996637277358,4550070.17,11,413642.74272727274
A00716,6,5,2335382.13,2563629.6,11,2,1.207274655451614,,1.2503112957927607,0.388640475203152,NEAR_CLIQUE,-0.22668996637277358,4899011.73,11,445364.70272727276
A00029,4,7,2100678.66,2781561.2700000005,11,2,0.765213770431899,,1.2503112957927607,0.388640475203152,NEAR_CLIQUE,-0.22668996637277358,4882239.930000001,11,443839.9936363637
A00423,6,5,2035444.36,1347380.08,11,2,1.1267112966468518,,1.2503112957927607,0.388640475203152,NEAR_CLIQUE,-0.22668996637277358,3382824.4400000004,11,307529.49454545457
A00340,6,5,2906990.64,1229078.29,11,2,1.0646147213051114,,1.2503112957927607,0.388640475203152,NEAR_CLIQUE,-0.22668996637277358,4136068.93,11,376006.26636363636
A00430,3,9,836148.05,3162508.5500000007,11,2,0.5796514760322322,,1.2503112957927607,0.388640475203152,NEAR_CLIQUE,-0.22668996637277358,3998656.6000000006,12,333221.38333333336
A00584,6,5,946760.58,1976620.71,11,2,1.1707066456659958,,1.2503112957927607,0.388640475203152,NEAR_CLIQUE,-0.22668996637277358,2923381.29,11,265761.9354545455
A00030,4,7,1340273.39,2278019.81,11,2,0.524488162951862,,1.2503112957927607,0.388640475203152,NEAR_CLIQUE,-0.22668996637277358,3618293.2,11,328935.7454545455
A00944,7,4,3123474.670000001,1719370.68,11,2,1.4214944231784572,,1.2503112957927607,0.388640475203152,NEAR_CLIQUE,-0.22668996637277358,4842845.350000001,11,440258.6681818182
A00759,7,4,3585947.9699999997,1748537.9899999998,11,2,1.0475059620396243,,1.2503112957927607,0.388640475203152,NEAR_CLIQUE,-0.22668996637277358,5334485.959999999,11,484953.269090909
A00750,4,7,1140822.0,3419947.05,11,1,0.4930018952076695,,1.2503112957927607,0.12130289481716967,STAR,-0.31100796271231146,4560769.05,11,414615.36818181816
A01259,3,8,993896.62,2915253.5,11,1,0.87744568244168,,1.2503112957927607,0.12130289481716967,STAR,-0.31100796271231146,3909150.12,11,355377.28363636363
A00753,7,4,2755028.79,566745.99,11,1,1.4403938206280775,,1.2503112957927607,0.12130289481716967,STAR,-0.31100796271231146,3321774.7800000003,11,301979.52545454545
A00395,7,4,3130131.0999999996,1384969.63,11,1,0.7901377678252066,,1.2503112957927607,0.12130289481716967,STAR,-0.31100796271231146,4515100.7299999995,11,410463.7027272727
A00783,5,6,2061568.28,1577226.34,11,1,0.8978143179268282,,1.2503112957927607,0.12130289481716967,STAR,-0.31100796271231146,3638794.62,11,330799.5109090909
A00789,7,4,2995942.16,1571558.1900000002,11,1,1.4242196069858524,,1.2503112957927607,0.12130289481716967,STAR,-0.31100796271231146,4567500.350000001,11,415227.3045454546
A00004,7,4,2666409.66,263376.12,11,1,1.0869923394232113,,1.2503112957927607,0.12130289481716967,STAR,-0.31100796271231146,2929785.7800000003,11,266344.16181818186
A00975,6,5,2321320.24,1960053.7,11,1,1.3382174436241483,,1.2503112957927607,0.12130289481716967,STAR,-0.31100796271231146,4281373.94,11,389215.81272727274
A01010,6,5,1377533.45,2671532.13,11,1,1.3466690057694493,,1.2503112957927607,0.12130289481716967,STAR,-0.31100796271231146,4049065.58,11,368096.8709090909
A00962,6,5,2385815.04,2310814.02,11,1,1.1610891482065042,,1.2503112957927607,0.12130289481716967,STAR,-0.31100796271231146,4696629.0600000005,11,426966.27818181826
A00959,2,9,760426.47,2665009.2,11,1,0.3165461639837281,,1.2503112957927607,0.12130289481716967,STAR,-0.31100796271231146,3425435.67,11,311403.24272727274
A00958,8,3,2360146.87,945819.26,11,1,1.3624274010872992,,1.2503112957927607,0.12130289481716967,STAR,-0.31100796271231146,3305966.13,11,300542.3754545454
A00939,5,6,1184400.6700000002,2016079.41,11,1,0.9230143894573664,,1.2503112957927607,0.12130289481716967,STAR,-0.31100796271231146,3200480.08,11,290952.73454545456
A01028,6,5,1320803.04,1631469.14,11,1,0.7906823394410777,,1.2503112957927607,0.12130289481716967,STAR,-0.31100796271231146,2952272.1799999997,11,268388.37999999995
A00901,3,8,585263.96,2808518.53,11,1,0.466509304430143,,1.2503112957927607,0.12130289481716967,STAR,-0.31100796271231146,3393782.4899999998,11,308525.6809090909
A00042,8,3,2511297.12,790852.97,11,1,2.0540031659173046,,1.2503112957927607,0.12130289481716967,STAR,-0.31100796271231146,3302150.09,11,300195.4627272727
A00059,6,5,2219933.02,2156273.33,11,1,0.7224798341225349,,1.2503112957927607,0.12130289481716967,STAR,-0.31100796271231146,4376206.35,11,397836.94090909086
A00227,8,3,3449047.1300000004,845331.6199999999,11,1,1.3910073858398169,,1.2503112957927607,0.12130289481716967,STAR,-0.31100796271231146,4294378.75,11,390398.0681818182
A00853,8,3,2951014.24,631396.51,11,1,1.2152223594192075,,1.2503112957927607,0.12130289481716967,STAR,-0.31100796271231146,3582410.75,11,325673.70454545453
A00097,4,7,937265.4,2537963.3200000003,11,1,0.5890296095534556,,1.2503112957927607,0.12130289481716967,STAR,-0.31100796271231146,3475228.72,11,315929.88363636367
A00109,8,3,3566231.04,858462.47,11,1,1.338615984483827,,1.2503112957927607,0.12130289481716967,STAR,-0.31100796271231146,4424693.51,11,402244.8645454545
A00112,3,8,1408318.33,3105902.26,11,1,0.8040889786813937,,1.2503112957927607,0.12130289481716967,STAR,-0.31100796271231146,4514220.59,11,410383.69
A01268,4,7,1988218.67,1955898.26,11,1,0.558154471915008,,1.2503112957927607,0.12130289481716967,STAR,-0.31100796271231146,3944116.9299999997,11,358556.08454545453
A00141,5,6,1598233.38,1895914.9599999995,11,1,1.5283230583498328,,1.2503112957927607,0.12130289481716967,STAR,-0.31100796271231146,3494148.3399999994,11,317649.84909090906
A01054,6,5,2405174.33,2863261.5899999994,11,1,0.925238914279074,,1.2503112957927607,0.12130289481716967,STAR,-0.31100796271231146,5268435.92,11,478948.72
A00078,5,6,1875796.93,3041857.73,11,1,0.7390344916363836,,1.2503112957927607,0.12130289481716967,STAR,-0.31100796271231146,4917654.66,11,447059.5145454546
A00474,7,4,2949551.66,909745.07,11,1,1.4157753276269898,,1.2503112957927607,0.12130289481716967,STAR,-0.31100796271231146,3859296.73,11,350845.1572727273
A00609,4,7,1110601.32,1681065.12,11,1,0.5589760205109674,,1.2503112957927607,0.12130289481716967,STAR,-0.31100796271231146,2791666.4400000004,11,253787.8581818182
A00493,4,7,2079642.6100000003,3579640.3400000003,11,1,0.6496730084685232,,1.2503112957927607,0.12130289481716967,STAR,-0.31100796271231146,5659282.950000001,11,514480.2681818183
A00313,6,5,2969483.79,1516603.66,11,1,0.9772781950593424,,1.2503112957927607,0.12130289481716967,STAR,-0.31100796271231146,4486087.45,11,407826.13181818184
A00315,4,7,2051623.3,1808491.63,11,1,0.6600160570822793,,1.2503112957927607,0.12130289481716967,STAR,-0.31100796271231146,3860114.9299999997,11,350919.53909090906
A01105,2,10,900148.64,4818116.71,11,1,0.3983612082041187,,1.2503112957927607,0.12130289481716967,STAR,-0.31100796271231146,5718265.35,12,476522.1125
A00522,7,4,2193458.23,1775162.3000000005,11,1,2.136132503337009,,1.2503112957927607,0.12130289481716967,STAR,-0.31100796271231146,3968620.5300000003,11,360783.68454545457
A00320,5,6,2672270.51,2464562.1799999997,11,1,1.0280503541135215,,1.2503112957927607,0.12130289481716967,STAR,-0.31100796271231146,5136832.6899999995,11,466984.79
A01081,6,5,2657348.57,1636387.1,11,1,1.172229027850051,,1.2503112957927607,0.12130289481716967,STAR,-0.31100796271231146,4293735.67,11,390339.6063636364
A00575,6,5,2619135.31,954974.45,11,1,1.3871372282018968,,1.2503112957927607,0.12130289481716967,STAR,-0.31100796271231146,3574109.76,11,324919.0690909091
A00285,9,2,2354493.38,724744.19,11,1,1.2403770049537368,,1.2503112957927607,0.12130289481716967,STAR,-0.31100796271231146,3079237.57,11,279930.6881818182
A01137,5,6,1939156.83,2466592.5599999996,11,1,0.6381482829673474,,1.2503112957927607,0.12130289481716967,STAR,-0.31100796271231146,4405749.39,11,400522.6718181818
A00670,4,7,1250032.41,2386178.27,11,1,0.8296441260099094,,1.2503112957927607,0.12130289481716967,STAR,-0.31100796271231146,3636210.6799999997,11,330564.60727272724
A01089,6,5,1965305.88,2106735.77,11,1,0.7589775169877389,,1.2503112957927607,0.12130289481716967,STAR,-0.31100796271231146,4072041.65,11,370185.60454545455
A01146,2,9,1121834.45,3490086.6099999994,11,1,0.4289050739844521,,1.2503112957927607,0.12130289481716967,STAR,-0.31100796271231146,4611921.06,11,419265.55090909085
A00355,5,6,2336303.11,1265981.37,11,1,0.7398485912014111,,1.2503112957927607,0.12130289481716967,STAR,-0.31100796271231146,3602284.48,11,327480.4072727273
A00678,5,6,1583175.28,2146794.6,11,1,0.9653086689867624,,1.2503112957927607,0.12130289481716967,STAR,-0.31100796271231146,3729969.88,11,339088.1709090909
A00273,7,4,2730721.83,2338022.9299999997,11,1,1.65178126560816,,1.2503112957927607,0.12130289481716967,STAR,-0.31100796271231146,5068744.76,11,460794.97818181815
A00393,3,8,1412343.52,2796524.26,11,1,0.5705333503650952,,1.2503112957927607,0.12130289481716967,STAR,-0.31100796271231146,4208867.779999999,11,382624.34363636357
A00372,7,4,2162858.87,919037.17,11,1,0.9879869217785352,,1.2503112957927607,0.12130289481716967,STAR,-0.31100796271231146,3081896.04,11,280172.36727272725
A00627,4,7,1080966.23,2861133.4400000004,11,1,0.8613263109995675,,1.2503112957927607,0.12130289481716967,STAR,-0.31100796271231146,3942099.6700000004,11,358372.6972727273
A01186,6,5,2348023.9,2527098.63,11,1,1.0801161604977003,,1.2503112957927607,0.12130289481716967,STAR,-0.31100796271231146,4875122.529999999,11,443192.9572727272
A00416,4,7,1880783.36,3063510.0600000005,11,1,0.6466717537699531,,1.2503112957927607,0.12130289481716967,STAR,-0.31100796271231146,4944293.420000001,11,449481.2200000001
A00571,5,6,1232108.41,1961432.67,11,1,0.9656550134567295,,1.2503112957927607,0.12130289481716967,STAR,-0.31100796271231146,3193541.08,11,290321.9163636364
A00223,8,4,3423245.72,974227.86,12,2,1.2748748233467555,,1.3032543129868541,0.35237443933425017,NEAR_CLIQUE,-0.3123438228715019,4397473.58,12,366456.13166666665
A00306,2,10,730367.2,3881197.439999999,12,2,0.3661702478753536,,1.3032543129868541,0.35237443933425017,NEAR_CLIQUE,-0.3123438228715019,4611564.639999999,12,384297.0533333332
A00538,5,7,2451886.91,4020366.41,12,2,1.4855179756050017,,1.3032543129868541,0.35237443933425017,NEAR_CLIQUE,-0.3123438228715019,6472253.32,12,539354.4433333334
A00263,5,7,2383150.28,2039302.7800000005,12,2,0.7251682822668771,,1.3032543129868541,0.35237443933425017,NEAR_CLIQUE,-0.3123438228715019,4422453.0600000005,12,368537.75500000006
A00511,6,6,1219627.13,1470277.43,12,2,0.7625896465030819,,1.3032543129868541,0.35237443933425017,NEAR_CLIQUE,-0.3123438228715019,2689904.5599999996,12,224158.7133333333
A00450,6,6,3406062.4,2048299.86,12,2,1.043488499901894,,1.3032543129868541,0.35237443933425017,NEAR_CLIQUE,-0.3123438228715019,5454362.26,12,454530.1883333333
A00970,6,6,1417207.56,2288561.9499999997,12,2,0.8280619345260096,,1.3032543129868541,0.35237443933425017,NEAR_CLIQUE,-0.3123438228715019,3705769.51,12,308814.1258333333
A00513,6,6,2104927.57,1358321.52,12,2,1.1310952032124295,,1.3032543129868541,0.35237443933425017,NEAR_CLIQUE,-0.3123438228715019,3463249.09,12,288604.0908333333
A00554,6,6,2559392.58,2132566.0700000003,12,2,1.3700224845271236,,1.3032543129868541,0.35237443933425017,NEAR_CLIQUE,-0.3123438228715019,4691958.65,12,390996.5541666667
A00233,5,7,1157842.41,3539655.7800000003,12,2,0.90873866452989,,1.3032543129868541,0.35237443933425017,NEAR_CLIQUE,-0.3123438228715019,4697498.19,12,391458.18250000005
A00703,6,6,2767156.2199999997,1475418.59,12,2,0.8864303726083727,,1.3032543129868541,0.35237443933425017,NEAR_CLIQUE,-0.3123438228715019,4242574.81,12,353547.9008333333
A00174,4,8,967771.97,4001178.73,12,2,0.6418708452826904,,1.3032543129868541,0.35237443933425017,NEAR_CLIQUE,-0.3123438228715019,4968950.7,12,414079.22500000003
A00199,6,6,2290838.4400000004,1747702.86,12,2,0.8813957797828754,,1.3032543129868541,0.35237443933425017,NEAR_CLIQUE,-0.3123438228715019,4038541.3000000007,12,336545.1083333334
A00732,8,4,3115572.27,1954415.12,12,2,1.0484916514208322,,1.3032543129868541,0.35237443933425017,NEAR_CLIQUE,-0.3123438228715019,5069987.390000001,12,422498.9491666667
A01265,4,9,2064130.61,3902116.23,13,2,1.507856470391183,,1.3539346395530236,0.3197304647664482,NEAR_CLIQUE,-0.38944302178274254,5966246.84,13,458942.0646153846
A00960,8,5,3351741.13,2750571.5799999996,13,2,1.3642038416112423,,1.3539346395530236,0.3197304647664482,NEAR_CLIQUE,-0.38944302178274254,6102312.709999999,13,469408.6699999999
A00179,7,6,2974621.5300000003,3014571.77,13,2,1.189285234439006,,1.3539346395530236,0.3197304647664482,NEAR_CLIQUE,-0.38944302178274254,5989193.300000001,13,460707.176923077
A00500,8,5,2384790.6,1395266.02,13,2,1.470861589583658,,1.3539346395530236,0.3197304647664482,NEAR_CLIQUE,-0.38944302178274254,3780056.62,13,290773.5861538462
A00322,8,5,2607754.8299999996,1874342.41,13,2,1.1442654756629314,,1.3539346395530236,0.3197304647664482,NEAR_CLIQUE,-0.38944302178274254,4482097.239999999,13,344776.71076923073
A00657,9,4,3659232.71,1121220.18,13,2,1.1775777840761483,,1.3539346395530236,0.3197304647664482,NEAR_CLIQUE,-0.38944302178274254,4780452.89,13,367727.14538461535
A00071,16,15,1876538.36,2293360.34,13,2,2.51627139778539,,1.3539346395530236,0.3197304647664482,NEAR_CLIQUE,-0.38944302178274254,4169898.7,31,134512.8612903226
A01139,6,7,3093402.45,1838769.71,13,2,0.6891347633586862,,1.3539346395530236,0.3197304647664482,NEAR_CLIQUE,-0.38944302178274254,4932172.16,13,379397.85846153845
A00862,7,6,2405037.3400000003,2392901.76,13,2,1.1878385518327732,,1.3539346395530236,0.3197304647664482,NEAR_CLIQUE,-0.38944302178274254,4797939.1,13,369072.23846153845
A01122,6,7,2396721.17,1907300.43,13,2,1.1028400583481457,,1.3539346395530236,0.3197304647664482,NEAR_CLIQUE,-0.38944302178274254,4304021.6,13,331078.5846153846
A00677,5,8,1648372.7400000002,2772333.24,13,2,0.6815735796695492,,1.3539346395530236,0.3197304647664482,NEAR_CLIQUE,-0.38944302178274254,4420705.98,13,340054.3061538462
A01289,9,4,3266548.58,2391141.6,13,2,0.9535725627635376,,1.3539346395530236,0.3197304647664482,NEAR_CLIQUE,-0.38944302178274254,5657690.18,13,435206.9369230769
A00548,6,7,3510090.74,2050396.41,13,2,0.9261769875514788,,1.3539346395530236,0.3197304647664482,NEAR_CLIQUE,-0.38944302178274254,5560487.15,13,427729.7807692308
A00762,6,7,2638015.8899999997,2362056.14,13,2,0.7435967435535995,,1.3539346395530236,0.3197304647664482,NEAR_CLIQUE,-0.38944302178274254,5000072.029999999,13,384620.9253846153
A00438,6,8,2400308.7800000003,2999648.76,14,2,0.8285969658137006,,1.4026126811277986,0.29004476449880584,NEAR_CLIQUE,-0.459555308661311,5399957.54,14,385711.2528571429
A00742,7,7,2312031.3699999996,3630305.88,14,2,1.0525594088089532,,1.4026126811277986,0.29004476449880584,NEAR_CLIQUE,-0.459555308661311,5942337.25,14,424452.66071428574
A00410,5,9,1872114.0,3745510.62,14,2,0.5697308952351641,,1.4026126811277986,0.29004476449880584,NEAR_CLIQUE,-0.459555308661311,5617624.62,14,401258.90142857144
A00415,3,11,1384349.64,3559011.840000001,14,2,0.5369417974484284,,1.4026126811277986,0.29004476449880584,NEAR_CLIQUE,-0.459555308661311,4943361.48,14,353097.2485714286
A00588,8,6,3625064.21,2730756.13,14,2,1.1192619019065195,,1.4026126811277986,0.29004476449880584,NEAR_CLIQUE,-0.459555308661311,6355820.34,14,453987.16714285716
A00909,6,8,1342791.68,3334945.01,14,2,0.7382768284869922,,1.4026126811277986,0.29004476449880584,NEAR_CLIQUE,-0.459555308661311,4677736.6899999995,14,334124.0492857142
A00786,4,10,1006366.15,3394562.4000000004,14,2,0.5449851547871283,,1.4026126811277986,0.29004476449880584,NEAR_CLIQUE,-0.459555308661311,4400928.550000001,14,314352.03928571433
A00074,13,19,585695.9199999999,3988347.76,14,2,2.023786054608816,,1.4026126811277986,0.29004476449880584,NEAR_CLIQUE,-0.459555308661311,4574043.68,32,142938.865
A01191,8,6,2859877.3600000003,2749400.45,14,2,1.2689977935228922,,1.4026126811277986,0.29004476449880584,NEAR_CLIQUE,-0.459555308661311,5609277.8100000005,14,400662.7007142858
A00077,4,10,1448838.45,3315858.2300000004,14,2,0.5393213681408907,,1.4026126811277986,0.29004476449880584,NEAR_CLIQUE,-0.459555308661311,4764696.680000001,14,340335.4771428572
A01129,3,11,1054066.63,4779715.05,14,2,0.6100265993619688,,1.4026126811277986,0.29004476449880584,NEAR_CLIQUE,-0.459555308661311,5833781.68,14,416698.6914285714
A01062,5,9,1121398.5,2943337.29,14,2,0.6145273460196544,,1.4026126811277986,0.29004476449880584,NEAR_CLIQUE,-0.459555308661311,4064735.79,14,290338.2707142857
A00644,6,9,2741283.1799999997,2869891.98,14,2,0.8957598433184669,,1.4026126811277986,0.29004476449880584,NEAR_CLIQUE,-0.459555308661311,5611175.16,15,374078.344
A00671,6,8,1970523.2900000005,2701981.4799999995,14,2,0.827408979563212,,1.4026126811277986,0.29004476449880584,NEAR_CLIQUE,-0.459555308661311,4672504.77,14,333750.3407142857
A00376,7,7,2706899.4699999997,2921784.4199999995,14,2,1.0113301624509583,,1.4026126811277986,0.29004476449880584,NEAR_CLIQUE,-0.459555308661311,5628683.889999999,14,402048.8492857142
A00405,7,7,4149955.62,1925354.36,14,2,0.7815059361475237,,1.4026126811277986,0.29004476449880584,NEAR_CLIQUE,-0.459555308661311,6075309.98,14,433950.7128571429
A00406,6,8,1127897.34,2275346.34,14,2,0.7963096881417806,,1.4026126811277986,0.29004476449880584,NEAR_CLIQUE,-0.459555308661311,3403243.6799999997,14,243088.83428571426
A00259,10,4,4138783.54,1811740.96,14,2,1.424251442264458,,1.4026126811277986,0.29004476449880584,NEAR_CLIQUE,-0.459555308661311,5950524.5,14,425037.46428571426
A01245,7,7,2559596.58,2413566.45,14,2,1.0735700774392625,,1.4026126811277986,0.29004476449880584,NEAR_CLIQUE,-0.459555308661311,4973163.03,14,355225.93071428576
A00356,5,9,2016800.21,3566617.5200000005,14,2,0.7134993597058654,,1.4026126811277986,0.29004476449880584,NEAR_CLIQUE,-0.459555308661311,5583417.73,14,398815.55214285717
A00357,8,6,2205886.52,2329462.4,14,2,0.924960103396926,,1.4026126811277986,0.29004476449880584,NEAR_CLIQUE,-0.459555308661311,4535348.92,14,323953.4942857143
A00344,6,9,2375469.7199999997,4443693.5600000005,15,2,0.8603466552751067,,1.4495026600949348,0.2628087974238207,NEAR_CLIQUE,-0.523881766173181,6819163.28,15,454610.88533333334
A00461,10,5,4943665.180000001,2227035.5,15,2,1.2250295803236202,,1.4495026600949348,0.2628087974238207,NEAR_CLIQUE,-0.523881766173181,7170700.680000001,15,478046.71200000006
A00927,11,4,3618763.37,1267820.2400000002,15,2,1.6421590782392854,,1.4495026600949348,0.2628087974238207,NEAR_CLIQUE,-0.523881766173181,4886583.61,15,325772.2406666667
A00679,10,5,3581562.48,2266361.79,15,2,1.535939635341229,,1.4495026600949348,0.2628087974238207,NEAR_CLIQUE,-0.523881766173181,5847924.27,15,389861.61799999996
A01255,8,7,4389536.359999999,3017085.7699999996,15,2,1.833702299337977,,1.4495026600949348,0.2628087974238207,NEAR_CLIQUE,-0.523881766173181,7406622.129999999,15,493774.8086666666
A00230,8,7,3292647.3000000003,3097145.21,15,2,2.0580945402166524,,1.4495026600949348,0.2628087974238207,NEAR_CLIQUE,-0.523881766173181,6389792.51,15,425986.16733333335
A00384,11,4,3363313.3499999996,916458.1,15,2,2.193249023720714,,1.4495026600949348,0.2628087974238207,NEAR_CLIQUE,-0.523881766173181,4279771.449999999,15,285318.0966666666
A00520,7,8,1907951.13,3486784.76,15,2,1.0926858882880537,,1.4495026600949348,0.2628087974238207,NEAR_CLIQUE,-0.523881766173181,5394735.89,15,359649.05933333334
A00744,6,9,2525627.3000000003,2839546.51,15,2,1.9582573101453216,,1.4495026600949348,0.2628087974238207,NEAR_CLIQUE,-0.523881766173181,5365173.8100000005,15,357678.254
A01216,8,7,1950523.99,1841498.05,15,2,0.9510336045668962,,1.4495026600949348,0.2628087974238207,NEAR_CLIQUE,-0.523881766173181,3792022.04,15,252801.46933333334
A00824,7,9,2013248.97,2399664.8400000003,15,2,1.1235250116160922,,1.4495026600949348,0.2628087974238207,NEAR_CLIQUE,-0.523881766173181,4412913.8100000005,16,275807.11312500003
A01270,9,6,3616232.36,2714925.29,15,2,1.2643183310677055,,1.4495026600949348,0.2628087974238207,NEAR_CLIQUE,-0.523881766173181,6331157.65,15,422077.1766666667
A01030,9,6,3221271.0600000005,2572175.1399999997,15,2,1.1933950097820514,,1.4495026600949348,0.2628087974238207,NEAR_CLIQUE,-0.523881766173181,5793446.2,15,386229.7466666667
A00600,8,7,2999363.5599999996,3216467.0700000003,15,2,1.7067919322920264,,1.4495026600949348,0.2628087974238207,NEAR_CLIQUE,-0.523881766173181,6215830.63,15,414388.70866666664
A00531,9,6,4209609.720000001,2592101.01,15,2,1.4822239160480797,,1.4495026600949348,0.2628087974238207,NEAR_CLIQUE,-0.523881766173181,6801710.73,15,453447.38200000004
A00254,9,6,2860961.6500000004,2231881.39,15,2,1.939741082836794,,1.4495026600949348,0.2628087974238207,NEAR_CLIQUE,-0.523881766173181,5092843.040000001,15,339522.8693333334
A00608,7,8,2453279.8499999996,2419557.17,15,2,1.047127583492352,,1.4495026600949348,0.2628087974238207,NEAR_CLIQUE,-0.523881766173181,4872837.02,15,324855.8013333333
A00645,8,7,3583988.1500000004,2413370.02,15,2,0.9620145140899764,,1.4495026600949348,0.2628087974238207,NEAR_CLIQUE,-0.523881766173181,5997358.17,15,399823.87799999997
A00152,4,11,1579560.63,4777342.6899999995,15,2,0.7175855774611927,,1.4495026600949348,0.2628087974238207,NEAR_CLIQUE,-0.523881766173181,6356903.319999999,15,423793.5546666666
A00266,7,9,3668615.1,3882420.23,16,2,0.8594870991250737,,1.4947833067927865,0.23762511301194444,NEAR_CLIQUE,-0.5833611010120298,7551035.33,16,471939.708125
A01251,10,6,3943014.1099999994,3322678.3,16,2,2.036434544576767,,1.4947833067927865,0.23762511301194444,NEAR_CLIQUE,-0.5833611010120298,7265692.409999999,16,454105.77562499995
A00785,12,5,4789398.9399999995,1762941.6500000004,16,2,2.2105048207991107,,1.4947833067927865,0.23762511301194444,NEAR_CLIQUE,-0.5833611010120298,6552340.59,17,385431.7994117647
A00689,8,8,2442282.86,2450365.6799999997,16,2,1.2345654287813426,,1.4947833067927865,0.23762511301194444,NEAR_CLIQUE,-0.5833611010120298,4892648.539999999,16,305790.53374999994
A00024,7,9,1708083.5699999996,2919610.5,16,2,1.544102471149169,,1.4947833067927865,0.23762511301194444,NEAR_CLIQUE,-0.5833611010120298,4627694.069999999,16,289230.87937499996
A00358,8,8,3159489.34,2595355.21,16,2,1.0468685513551477,,1.4947833067927865,0.23762511301194444,NEAR_CLIQUE,-0.5833611010120298,5754844.55,16,359677.784375
A00341,9,8,3550402.21,4032849.45,17,2,2.146693592700844,,1.5386055678213575,0.21417763177713345,NEAR_CLIQUE,-0.638739836096371,7583251.66,17,446073.62705882353
A00337,10,7,4006511.350000001,2800980.1999999997,17,2,1.046607814045057,,1.5386055678213575,0.21417763177713345,NEAR_CLIQUE,-0.638739836096371,6807491.550000001,17,400440.6794117647
A01038,7,10,3046208.58,4212295.97,17,2,0.8673759349976984,,1.5386055678213575,0.21417763177713345,NEAR_CLIQUE,-0.638739836096371,7258504.55,17,426970.8558823529
A01101,13,4,4516192.500000001,1200108.38,17,2,2.2161983535080116,,1.5386055678213575,0.21417763177713345,NEAR_CLIQUE,-0.638739836096371,5716300.880000001,17,336252.9929411765
A00107,9,8,3287101.24,2983046.83,17,2,0.955567093519913,,1.5386055678213575,0.21417763177713345,NEAR_CLIQUE,-0.638739836096371,6270148.07,17,368832.2394117647
A00156,11,6,3444856.06,3152124.7,17,2,1.3033473163024656,,1.5386055678213575,0.21417763177713345,NEAR_CLIQUE,-0.638739836096371,6596980.76,17,388057.6917647059
A01052,5,5,2012358.57,1877408.31,10,1,0.7529340573919658,,1.194783781979544,0.09234402468171295,STAR,-0.6537170509616478,3889766.88,10,388976.68799999997
A01079,6,4,1502067.91,1380297.96,10,1,0.7859439775955075,,1.194783781979544,0.09234402468171295,STAR,-0.6537170509616478,2882365.87,10,288236.587
A01228,3,7,1523395.65,2963867.42,10,1,0.5179238886365733,,1.194783781979544,0.09234402468171295,STAR,-0.6537170509616478,4487263.07,10,448726.30700000003
A01049,6,4,1467786.9500000002,1186668.6,10,1,1.6319782682434312,,1.194783781979544,0.09234402468171295,STAR,-0.6537170509616478,2654455.5500000003,10,265445.55500000005
A01260,4,6,684174.3899999999,2076499.02,10,1,0.864467079163757,,1.194783781979544,0.09234402468171295,STAR,-0.6537170509616478,2760673.41,10,276067.341
A01041,9,1,4027539.74,101510.63,10,1,1.5396237314044914,,1.194783781979544,0.09234402468171295,STAR,-0.6537170509616478,4129050.37,10,412905.037
A01026,3,7,757433.1799999999,2594885.7199999997,10,1,0.43417138206811,,1.194783781979544,0.09234402468171295,STAR,-0.6537170509616478,3352318.8999999994,10,335231.88999999996
A01040,5,5,1696335.7799999998,1860476.49,10,1,0.9917908819005528,,1.194783781979544,0.09234402468171295,STAR,-0.6537170509616478,3556812.2699999996,10,355681.22699999996
A01142,2,8,282241.58,2822820.17,10,1,0.4416125211320131,,1.194783781979544,0.09234402468171295,STAR,-0.6537170509616478,3105061.75,10,310506.175
A01292,4,6,1251606.9199999997,1846317.04,10,1,0.5963545905597001,,1.194783781979544,0.09234402468171295,STAR,-0.6537170509616478,3097923.96,10,309792.396
A01121,5,5,2107351.1900000004,1459211.21,10,1,0.7031296636915919,,1.194783781979544,0.09234402468171295,STAR,-0.6537170509616478,3566562.4000000004,10,356656.24000000005
A00647,4,6,1555332.42,3018930.93,10,1,0.4812543832556023,,1.194783781979544,0.09234402468171295,STAR,-0.6537170509616478,4574263.35,10,457426.33499999996
A00621,3,7,1306399.7400000002,2901295.0300000003,10,1,0.5483562845063877,,1.194783781979544,0.09234402468171295,STAR,-0.6537170509616478,4207694.7700000005,10,420769.4770000001
A00183,6,5,2648825.51,2043798.92,10,1,0.8363844897363895,,1.194783781979544,0.09234402468171295,STAR,-0.6537170509616478,4692624.43,11,426602.2209090909
A00270,7,3,2589762.4,1310228.21,10,1,1.6148033299507385,,1.194783781979544,0.09234402468171295,STAR,-0.6537170509616478,3899990.61,10,389999.061
A00264,6,4,2374374.0599999996,642118.8,10,1,1.2900680423562862,,1.194783781979544,0.09234402468171295,STAR,-0.6537170509616478,3016492.8599999994,10,301649.28599999996
A00171,5,5,2284421.27,1424176.87,10,1,0.7099458091072383,,1.194783781979544,0.09234402468171295,STAR,-0.6537170509616478,3708598.14,10,370859.814
A00836,5,5,1103173.73,2226897.6999999997,10,1,0.9153534075808836,,1.194783781979544,0.09234402468171295,STAR,-0.6537170509616478,3330071.4299999997,10,333007.143
A00831,7,3,3040198.4699999997,1135387.59,10,1,0.857171556602662,,1.194783781979544,0.09234402468171295,STAR,-0.6537170509616478,4175586.0599999996,10,417558.60599999997
A00176,4,6,1038975.17,1218622.37,10,1,0.6103995320929496,,1.194783781979544,0.09234402468171295,STAR,-0.6537170509616478,2257597.54,10,225759.75400000002
A00572,5,5,2025668.13,1508379.67,10,1,0.8817776171476276,,1.194783781979544,0.09234402468171295,STAR,-0.6537170509616478,3534047.8,10,353404.77999999997
A00858,6,4,2010836.4,1887496.16,10,1,1.3666297526966795,,1.194783781979544,0.09234402468171295,STAR,-0.6537170509616478,3898332.5599999996,10,389833.25599999994
A00244,6,4,2445917.68,1613773.21,10,1,0.7083709175720192,,1.194783781979544,0.09234402468171295,STAR,-0.6537170509616478,4059690.89,10,405969.08900000004
A00731,5,5,2413770.1799999997,1667096.65,10,1,0.8999753111680466,,1.194783781979544,0.09234402468171295,STAR,-0.6537170509616478,4080866.8299999996,10,408086.68299999996
A00640,6,4,2376823.25,1183065.2,10,1,0.5389980453816537,,1.194783781979544,0.09234402468171295,STAR,-0.6537170509616478,3559888.45,10,355988.84500000003
A00190,6,4,2057517.62,1510071.38,10,1,0.7035992927306719,,1.194783781979544,0.09234402468171295,STAR,-0.6537170509616478,3567589.0,10,356758.9
A00239,8,3,2339747.36,1631494.2600000002,10,1,1.2149882423593437,,1.194783781979544,0.09234402468171295,STAR,-0.6537170509616478,3971241.62,11,361021.96545454545
A00655,4,6,1317477.97,2715247.8200000003,10,1,0.3983658584918867,,1.194783781979544,0.09234402468171295,STAR,-0.6537170509616478,4032725.79,10,403272.579
A00849,7,3,2675910.69,460445.11,10,1,1.096781320854725,,1.194783781979544,0.09234402468171295,STAR,-0.6537170509616478,3136355.8,10,313635.57999999996
A00280,4,6,1501466.09,2515711.36,10,1,0.5542328708279376,,1.194783781979544,0.09234402468171295,STAR,-0.6537170509616478,4017177.45,10,401717.745
A00212,6,4,1532410.41,1513373.64,10,1,0.7916851765714379,,1.194783781979544,0.09234402468171295,STAR,-0.6537170509616478,3045784.05,10,304578.40499999997
A00518,8,3,2584370.26,739647.65,10,1,1.2552710649175605,,1.194783781979544,0.09234402468171295,STAR,-0.6537170509616478,3324017.9099999997,11,302183.44636363635
A00986,6,4,2395250.0,1169666.17,10,1,1.2494449626808966,,1.194783781979544,0.09234402468171295,STAR,-0.6537170509616478,3564916.17,10,356491.61699999997
A00403,6,4,2256909.24,1600694.91,10,1,1.0888311634081564,,1.194783781979544,0.09234402468171295,STAR,-0.6537170509616478,3857604.1500000004,10,385760.41500000004
A00009,4,6,1005088.76,2219739.36,10,1,0.7233706283327512,,1.194783781979544,0.09234402468171295,STAR,-0.6537170509616478,3224828.12,10,322482.81200000003
A00044,4,6,1527225.56,1865226.84,10,1,0.7487607723166441,,1.194783781979544,0.09234402468171295,STAR,-0.6537170509616478,3392452.4000000004,10,339245.24000000005
A00462,4,6,1392922.73,2827472.4399999995,10,1,1.069161376157166,,1.194783781979544,0.09234402468171295,STAR,-0.6537170509616478,4220395.17,10,422039.517
A00466,4,6,1715431.21,2521905.57,10,1,0.5947563489850347,,1.194783781979544,0.09234402468171295,STAR,-0.6537170509616478,4237336.779999999,10,423733.67799999996
A00311,7,3,2602981.63,1272704.95,10,1,1.0272361777027,,1.194783781979544,0.09234402468171295,STAR,-0.6537170509616478,3875686.58,10,387568.658
A00308,4,6,1351877.2599999998,2561908.06,10,1,0.7741151244591873,,1.194783781979544,0.09234402468171295,STAR,-0.6537170509616478,3913785.32,10,391378.532
A00926,5,5,1285131.87,1983179.91,10,1,0.4392557455649108,,1.194783781979544,0.09234402468171295,STAR,-0.6537170509616478,3268311.7800000003,10,326831.178
A00894,8,2,1671847.7599999998,325944.08,10,1,1.1778708661083217,,1.194783781979544,0.09234402468171295,STAR,-0.6537170509616478,1997791.8399999999,10,199779.18399999998
A00089,5,5,2220189.1500000004,1198629.73,10,1,1.0311397002370064,,1.194783781979544,0.09234402468171295,STAR,-0.6537170509616478,3418818.8800000004,10,341881.88800000004
A00095,7,3,2259419.91,485124.47,10,1,1.2440320536538272,,1.194783781979544,0.09234402468171295,STAR,-0.6537170509616478,2744544.38,10,274454.43799999997
A00510,7,3,2499452.28,1948804.01,10,1,1.3400559732737516,,1.194783781979544,0.09234402468171295,STAR,-0.6537170509616478,4448256.29,10,444825.629
A00675,3,7,1024150.39,2442746.5300000003,10,1,0.7180460439683984,,1.194783781979544,0.09234402468171295,STAR,-0.6537170509616478,3466896.9200000004,10,346689.69200000004
A00440,8,11,3407338.97,3336283.4399999995,18,2,1.0413161956149366,,1.5810982890350151,0.19221108953185,NEAR_CLIQUE,-0.6906208595435508,6743622.41,19,354927.4952631579
A01300,13,5,4929722.609999999,1927185.3899999997,18,2,1.3963675779120586,,1.5810982890350151,0.19221108953185,NEAR_CLIQUE,-0.6906208595435508,6856907.999999999,18,380939.33333333326
A00722,11,7,3495260.15,3033941.24,18,2,2.1561307367479783,,1.5810982890350151,0.19221108953185,NEAR_CLIQUE,-0.6906208595435508,6529201.390000001,18,362733.4105555556
A00187,9,9,2924514.5300000003,3536298.22,18,2,1.287184572254865,,1.5810982890350151,0.19221108953185,NEAR_CLIQUE,-0.6906208595435508,6460812.75,18,358934.0416666667
A00952,12,7,3697159.44,3303121.4499999997,19,2,2.0100061218683285,,1.6223724875581822,0.17151647788495664,NEAR_CLIQUE,-0.7394978115960883,7000280.89,19,368435.83631578943
A01117,9,10,4411433.2700000005,4240349.869999999,19,2,1.1997926166958306,,1.6223724875581822,0.17151647788495664,NEAR_CLIQUE,-0.7394978115960883,8651783.14,19,455357.00736842107
A00953,15,6,4973961.3,2047417.29,20,2,2.141698526797263,,1.6625246184652396,0.1519205134767816,NEAR_CLIQUE,-0.7857799563951371,7021378.59,21,334351.3614285714
A00006,8,12,3096607.48,3282750.1299999994,20,2,1.1796173993180563,,1.6625246184652396,0.1519205134767816,NEAR_CLIQUE,-0.7857799563951371,6379357.609999999,20,318967.88049999997
A00332,13,7,5667367.710000001,1752601.8,20,2,1.5658055543648608,,1.6625246184652396,0.1519205134767816,NEAR_CLIQUE,-0.7857799563951371,7419969.510000001,20,370998.47550000006
A01175,12,9,3569989.5199999996,3603814.46,21,2,2.024746462845907,,1.7016391108097928,0.13327787772030084,NEAR_CLIQUE,-0.8298105103166075,7173803.9799999995,21,341609.7133333333
A00319,9,13,2338890.27,4529972.18,21,2,1.9603952746540445,,1.7016391108097928,0.13327787772030084,NEAR_CLIQUE,-0.8298105103166075,6868862.449999999,22,312221.02045454545
A00099,2,3,811096.8,890272.8200000001,5,1,0.4698774593230961,,0.8586388855998701,0.06687685968241493,NEAR_CLIQUE,-0.9866377767690625,1701369.62,5,340273.924
A01165,3,2,1371472.23,890625.27,5,1,0.5996845162106317,,0.8586388855998701,0.06687685968241493,NEAR_CLIQUE,-0.9866377767690625,2262097.5,5,452419.5
A00439,1,4,237583.78,1626620.74,5,1,0.2359203693937666,,0.8586388855998701,0.06687685968241493,NEAR_CLIQUE,-0.9866377767690625,1864204.52,5,372840.904
A01037,4,5,2040081.53,2277653.36,9,1,1.1216765091625105,,1.13626623778873,0.06304016739720397,STAR,-1.0005088341074495,4317734.89,9,479748.3211111111
A00032,2,7,938690.1,3408014.97,9,1,0.3615321098236842,,1.13626623778873,0.06304016739720397,STAR,-1.0005088341074495,4346705.07,9,482967.23000000004
A00971,4,5,1306703.24,2083039.46,9,1,0.8502616682307397,,1.13626623778873,0.06304016739720397,STAR,-1.0005088341074495,3389742.7,9,376638.0777777778
A00989,4,5,1151493.29,1989197.26,9,1,0.5853300451328748,,1.13626623778873,0.06304016739720397,STAR,-1.0005088341074495,3140690.55,9,348965.61666666664
A00386,7,2,2470320.49,631837.14,9,1,1.0733286446861796,,1.13626623778873,0.06304016739720397,STAR,-1.0005088341074495,3102157.6300000004,9,344684.18111111113
A00390,3,6,408916.3,1797739.5099999998,9,1,0.495946130950519,,1.13626623778873,0.06304016739720397,STAR,-1.0005088341074495,2206655.8099999996,9,245183.97888888884
A00437,5,4,1856841.33,2057420.3,9,1,1.2211521777400556,,1.13626623778873,0.06304016739720397,STAR,-1.0005088341074495,3914261.63,9,434917.9588888889
A00434,1,8,525961.8,3076723.6,9,1,0.2306257945899613,,1.13626623778873,0.06304016739720397,STAR,-1.0005088341074495,3602685.4000000004,9,400298.37777777785
A00432,0,9,0.0,3746637.32,9,1,0.15,,1.13626623778873,0.06304016739720397,STAR,-1.0005088341074495,3746637.32,9,416293.03555555554
A00427,3,6,905213.46,2527966.9299999997,9,1,1.1089756170026512,,1.13626623778873,0.06304016739720397,STAR,-1.0005088341074495,3433180.3899999997,9,381464.4877777777
A00316,6,3,3220645.1299999994,1363183.48,9,1,1.2532805991856746,,1.13626623778873,0.06304016739720397,STAR,-1.0005088341074495,4583828.609999999,9,509314.2899999999
A00417,8,1,2371277.09,161301.27,9,1,1.1185986351288888,,1.13626623778873,0.06304016739720397,STAR,-1.0005088341074495,2532578.36,9,281397.59555555554
A00066,6,3,2124596.78,175422.75999999998,9,1,0.7605483721618502,,1.13626623778873,0.06304016739720397,STAR,-1.0005088341074495,2300019.5399999996,9,255557.72666666663
A01075,3,6,836346.7,2019838.17,9,1,0.5597660363570951,,1.13626623778873,0.06304016739720397,STAR,-1.0005088341074495,2856184.87,9,317353.87444444443
A00684,2,7,458755.87,2265700.99,9,1,0.3244532488137945,,1.13626623778873,0.06304016739720397,STAR,-1.0005088341074495,2724456.8600000003,9,302717.4288888889
A00404,4,5,1739558.64,1878316.01,9,1,0.7181739446839591,,1.13626623778873,0.06304016739720397,STAR,-1.0005088341074495,3617874.65,9,401986.0722222222
A01091,5,4,1636527.0799999998,1459399.23,9,1,1.2546930496354955,,1.13626623778873,0.06304016739720397,STAR,-1.0005088341074495,3095926.3099999996,9,343991.81222222216
A00602,6,4,1678178.13,1300391.5,9,1,0.7822428678161272,,1.13626623778873,0.06304016739720397,STAR,-1.0005088341074495,2978569.63,10,297856.963
A00589,7,2,2723758.6300000004,871381.77,9,1,1.5770247988109416,,1.13626623778873,0.06304016739720397,STAR,-1.0005088341074495,3595140.4000000004,9,399460.0444444445
A00581,4,5,1583577.32,1456328.68,9,1,0.5824762989702142,,1.13626623778873,0.06304016739720397,STAR,-1.0005088341074495,3039906.0,9,337767.3333333333
A00779,6,3,2286171.14,1691734.52,9,1,1.080243825844837,,1.13626623778873,0.06304016739720397,STAR,-1.0005088341074495,3977905.66,9,441989.5177777778
A00251,4,5,1232836.72,1671928.48,9,1,0.8164203050430258,,1.13626623778873,0.06304016739720397,STAR,-1.0005088341074495,2904765.2,9,322751.6888888889
A01112,5,4,2356179.05,1665371.6800000002,9,1,0.714207750569922,,1.13626623778873,0.06304016739720397,STAR,-1.0005088341074495,4021550.73,9,446838.97
A00262,3,6,960654.47,2583550.51,9,1,0.5878629758389071,,1.13626623778873,0.06304016739720397,STAR,-1.0005088341074495,3544204.9799999995,9,393800.5533333333
A00568,3,6,345531.12,1910649.99,9,1,0.7572605713411225,,1.13626623778873,0.06304016739720397,STAR,-1.0005088341074495,2256181.11,9,250686.78999999998
A01261,5,4,2212672.66,2032276.94,9,1,1.1216949472006277,,1.13626623778873,0.06304016739720397,STAR,-1.0005088341074495,4244949.6,9,471661.06666666665
A00874,6,3,3053631.63,1096295.73,9,1,0.7359379637833942,,1.13626623778873,0.06304016739720397,STAR,-1.0005088341074495,4149927.36,9,461103.04
A00532,2,7,714262.4299999999,2864749.92,9,1,0.3109780346371462,,1.13626623778873,0.06304016739720397,STAR,-1.0005088341074495,3579012.3499999996,9,397668.03888888884
A00516,5,4,1988662.8,2344082.27,9,1,0.4846006963750487,,1.13626623778873,0.06304016739720397,STAR,-1.0005088341074495,4332745.07,9,481416.1188888889
A00135,0,6,0.0,1607911.69,6,1,0.15,,0.9365919154863585,0.02850756797503074,NEAR_CLIQUE,-1.0772591454166431,1607911.69,6,267985.2816666667
A01195,3,3,1332780.0299999998,518403.41,6,1,0.3324983763464711,,0.9365919154863585,0.02850756797503074,NEAR_CLIQUE,-1.0772591454166431,1851183.4399999997,6,308530.5733333333
A00238,1,5,180833.9,1209930.56,6,1,0.4104145527260069,,0.9365919154863585,0.02850756797503074,NEAR_CLIQUE,-1.0772591454166431,1390764.46,6,231794.07666666666
A00442,1,5,41966.56,2591073.6999999997,6,1,0.2787373757351407,,0.9365919154863585,0.02850756797503074,NEAR_CLIQUE,-1.0772591454166431,2633040.26,6,438840.0433333333
A00419,1,5,433107.68,1586333.21,6,1,0.451665954989199,,0.9365919154863585,0.02850756797503074,NEAR_CLIQUE,-1.0772591454166431,2019440.89,6,336573.48166666663
A01032,3,3,1329268.39,811020.07,6,1,0.5192749305935045,,0.9365919154863585,0.02850756797503074,NEAR_CLIQUE,-1.0772591454166431,2140288.46,6,356714.74333333335
A01125,5,1,2001476.59,337370.87,6,1,0.7781542351189612,,0.9365919154863585,0.02850756797503074,NEAR_CLIQUE,-1.0772591454166431,2338847.46,6,389807.91
A00504,2,4,816812.87,1342596.55,6,1,0.6062358791004524,,0.9365919154863585,0.02850756797503074,NEAR_CLIQUE,-1.0772591454166431,2159409.42,6,359901.57
A00758,1,5,743056.22,1653724.3299999998,6,1,0.2340726114225056,,0.9365919154863585,0.02850756797503074,NEAR_CLIQUE,-1.0772591454166431,2396780.55,6,399463.425
A00603,3,3,1363893.79,1568227.16,6,1,0.5543847725644633,,0.9365919154863585,0.02850756797503074,NEAR_CLIQUE,-1.0772591454166431,2932120.95,6,488686.825
A00843,4,2,1270290.6700000002,607188.54,6,1,0.8011133293455452,,0.9365919154863585,0.02850756797503074,NEAR_CLIQUE,-1.0772591454166431,1877479.2100000002,6,312913.2016666667
A00841,4,4,2183229.69,1934755.52,8,1,0.9765427357121846,,1.0742354324824788,0.0334081558333803,STAR,-1.3511841062617316,4117985.21,8,514748.15125
A00946,5,3,2674850.57,1669186.64,8,1,1.0218439475232592,,1.0742354324824788,0.0334081558333803,STAR,-1.3511841062617316,4344037.21,8,543004.65125
A00878,5,3,794034.38,369420.53,8,1,1.2704357575117695,,1.0742354324824788,0.0334081558333803,STAR,-1.3511841062617316,1163454.9100000001,8,145431.86375000002
A01044,2,6,1010055.86,2575864.6100000003,8,1,0.4462479057196548,,1.0742354324824788,0.0334081558333803,STAR,-1.3511841062617316,3585920.47,8,448240.05875
A00696,6,2,1613182.85,1171366.17,8,1,0.5149439563643161,,1.0742354324824788,0.0334081558333803,STAR,-1.3511841062617316,2784549.02,8,348068.6275
A00428,2,6,24878.3,1991850.73,8,1,0.3963513063647527,,1.0742354324824788,0.0334081558333803,STAR,-1.3511841062617316,2016729.03,8,252091.12875
A00203,6,3,2559878.48,1186669.14,8,1,0.9270948032478752,,1.0742354324824788,0.0334081558333803,STAR,-1.3511841062617316,3746547.62,9,416283.0688888889
A00146,6,3,2708568.38,1412464.61,8,1,0.7217095853889084,,1.0742354324824788,0.0334081558333803,STAR,-1.3511841062617316,4121032.99,9,457892.5544444445
A00659,4,4,1625097.31,1832419.25,8,1,0.7918250792379391,,1.0742354324824788,0.0334081558333803,STAR,-1.3511841062617316,3457516.56,8,432189.57
A00048,6,2,1572687.7399999998,815881.51,8,1,1.19359939515146,,1.0742354324824788,0.0334081558333803,STAR,-1.3511841062617316,2388569.25,8,298571.15625
A00972,3,5,911097.52,1993544.35,8,1,0.5426560011279387,,1.0742354324824788,0.0334081558333803,STAR,-1.3511841062617316,2904641.87,8,363080.23375
A00455,2,6,936878.69,2349239.71,8,1,0.3925032943229499,,1.0742354324824788,0.0334081558333803,STAR,-1.3511841062617316,3286118.4,8,410764.8
A00981,5,3,2542776.3899999997,1413071.13,8,1,0.7767955322018665,,1.0742354324824788,0.0334081558333803,STAR,-1.3511841062617316,3955847.5199999996,8,494480.93999999994
A00398,3,5,1438434.95,1469454.7599999998,8,1,0.4281115160644844,,1.0742354324824788,0.0334081558333803,STAR,-1.3511841062617316,2907889.71,8,363486.21375
A01299,5,3,2037937.48,1123657.2999999998,8,1,1.162373399425869,,1.0742354324824788,0.0334081558333803,STAR,-1.3511841062617316,3161594.78,8,395199.3475
A01168,2,6,483037.63,2099140.74,8,1,0.2942472875183567,,1.0742354324824788,0.0334081558333803,STAR,-1.3511841062617316,2582178.37,8,322772.29625
A00363,5,3,1942883.71,1482500.61,8,1,0.7802788149300697,,1.0742354324824788,0.0334081558333803,STAR,-1.3511841062617316,3425384.3200000003,8,428173.04000000004
A01298,4,4,1355417.88,768074.0499999999,8,1,0.6703396933701171,,1.0742354324824788,0.0334081558333803,STAR,-1.3511841062617316,2123491.9299999997,8,265436.49124999996
A01159,3,5,704973.79,2807677.9699999997,8,1,0.4057706222795578,,1.0742354324824788,0.0334081558333803,STAR,-1.3511841062617316,3512651.76,8,439081.47
A00114,7,1,3033106.9000000004,210424.99,8,1,0.8340667097917526,,1.0742354324824788,0.0334081558333803,STAR,-1.3511841062617316,3243531.8900000006,8,405441.4862500001
A00472,5,3,2173836.52,322317.1,8,1,0.6157738462303096,,1.0742354324824788,0.0334081558333803,STAR,-1.3511841062617316,2496153.62,8,312019.2025
A00489,4,4,1172366.24,1346633.58,8,1,0.6510927306699201,,1.0742354324824788,0.0334081558333803,STAR,-1.3511841062617316,2518999.8200000003,8,314874.97750000004
A01221,7,1,2237155.09,723936.25,8,1,0.9669749011198492,,1.0742354324824788,0.0334081558333803,STAR,-1.3511841062617316,2961091.34,8,370136.4175
A00309,3,5,1241209.63,1750783.42,8,1,0.5433749542534017,,1.0742354324824788,0.0334081558333803,STAR,-1.3511841062617316,2991993.05,8,373999.13125
A01127,4,4,1309816.14,1257452.02,8,1,0.7366353623652454,,1.0742354324824788,0.0334081558333803,STAR,-1.3511841062617316,2567268.16,8,320908.52
A01018,4,3,1670375.88,611296.69,7,1,0.5435423404870816,,1.0079964321715564,0.003486654534334449,STAR,-1.70528529809974,2281672.57,7,325953.22428571427
A00038,2,5,661542.41,1176728.7700000005,7,1,0.3736902609497117,,1.0079964321715564,0.003486654534334449,STAR,-1.70528529809974,1838271.1800000006,7,262610.1685714287
A00885,3,4,1225475.58,1550289.41,7,1,0.4127448581880786,,1.0079964321715564,0.003486654534334449,STAR,-1.70528529809974,2775764.99,7,396537.85571428575
A00974,3,4,1222379.25,532583.11,7,1,0.4600006145311098,,1.0079964321715564,0.003486654534334449,STAR,-1.70528529809974,1754962.3599999999,7,250708.90857142856
A00193,1,6,12221.84,2600301.04,7,1,0.2062248190466029,,1.0079964321715564,0.003486654534334449,STAR,-1.70528529809974,2612522.88,7,373217.5542857143
A00119,5,2,1994877.87,507730.74,7,1,0.6595494497884857,,1.0079964321715564,0.003486654534334449,STAR,-1.70528529809974,2502608.6100000003,7,357515.5157142858
A00805,2,5,957806.94,1551803.2000000002,7,1,0.4423848626948452,,1.0079964321715564,0.003486654534334449,STAR,-1.70528529809974,2509610.14,7,358515.7342857143
A00177,4,4,1239283.56,1393590.4300000002,7,1,0.4722629656197724,,1.0079964321715564,0.003486654534334449,STAR,-1.70528529809974,2632873.99,8,329109.24875
A00790,5,2,2145898.6399999997,796187.44,7,1,0.6802152534343381,,1.0079964321715564,0.003486654534334449,STAR,-1.70528529809974,2942086.0799999996,7,420298.01142857136
A00666,1,6,409073.12,2397200.09,7,1,0.3091568737668512,,1.0079964321715564,0.003486654534334449,STAR,-1.70528529809974,2806273.21,7,400896.17285714287
A00648,3,4,1209775.95,1430453.53,7,1,0.5637218354381804,,1.0079964321715564,0.003486654534334449,STAR,-1.70528529809974,2640229.48,7,377175.64
A01108,4,3,1876174.59,1050698.03,7,1,0.9052335779063776,,1.0079964321715564,0.003486654534334449,STAR,-1.70528529809974,2926872.62,7,418124.66000000003
A01119,3,4,1759810.7200000002,1757987.56,7,1,0.5302741441847132,,1.0079964321715564,0.003486654534334449,STAR,-1.70528529809974,3517798.2800000003,7,502542.61142857146
A00539,4,3,1578823.55,522382.28,7,1,0.6999109262386182,,1.0079964321715564,0.003486654534334449,STAR,-1.70528529809974,2101205.83,7,300172.2614285714
A00338,4,3,1897963.58,982668.91,7,1,0.7769541757096967,,1.0079964321715564,0.003486654534334449,STAR,-1.70528529809974,2880632.49,7,411518.92714285717
A01169,3,4,1149437.65,1547070.5900000003,7,1,0.4932377969000249,,1.0079964321715564,0.003486654534334449,STAR,-1.70528529809974,2696508.24,7,385215.4628571429
A00996,3,4,1568648.44,2617376.6599999997,7,1,0.8711897088785241,,1.0079964321715564,0.003486654534334449,STAR,-1.70528529809974,4186025.0999999996,7,598003.5857142856
